date,time,city_id,city_name
2026-08-01,06:06,2,成都
2026-08-01,06:07,6,许昌
2026-08-01,06:08,2,成都
2026-08-01,06:09,7,汉中
2026-08-01,06:10,4,荆州
2026-08-01,06:11,7,汉中
2026-08-01,06:12,2,成都
2026-08-01,06:13,2,成都
2026-08-01,06:14,7,汉中
2026-08-01,06:15,6,许昌
2026-08-01,06:16,3,建业
2026-08-01,06:17,7,汉中
2026-08-01,06:18,6,许昌
2026-08-01,06:19,4,荆州
2026-08-01,06:20,6,许昌
2026-08-01,06:21,5,长安
2026-08-01,06:22,6,许昌
2026-08-01,06:23,2,成都
2026-08-01,06:24,7,汉中
2026-08-01,06:25,6,许昌
2026-08-01,06:26,2,成都
2026-08-01,06:27,5,长安
2026-08-01,06:28,7,汉中
2026-08-01,06:29,6,许昌
2026-08-01,06:30,3,建业
2026-08-01,06:31,2,成都
2026-08-01,06:32,5,长安
2026-08-01,06:33,7,汉中
2026-08-01,06:34,5,长安
2026-08-01,06:35,6,许昌
2026-08-01,06:36,5,长安
2026-08-01,06:37,2,成都
2026-08-01,06:38,5,长安
2026-08-01,06:39,6,许昌
2026-08-01,06:40,6,许昌
2026-08-01,06:41,6,许昌
2026-08-01,06:42,3,建业
2026-08-01,06:43,5,长安
2026-08-01,06:44,2,成都
2026-08-01,06:45,5,长安
2026-08-01,06:46,6,许昌
2026-08-01,06:47,6,许昌
2026-08-01,06:48,5,长安
2026-08-01,06:49,3,建业
2026-08-01,06:50,6,许昌
2026-08-01,06:51,4,荆州
2026-08-01,06:52,6,许昌
2026-08-01,06:53,5,长安
2026-08-01,06:54,4,荆州
2026-08-01,06:55,7,汉中
2026-08-01,06:56,4,荆州
2026-08-01,06:57,5,长安
2026-08-01,06:58,6,许昌
2026-08-01,06:59,7,汉中
2026-08-01,07:00,4,荆州
2026-08-01,07:01,4,荆州
2026-08-01,07:02,6,许昌
2026-08-01,07:03,7,汉中
2026-08-01,07:04,6,许昌
2026-08-01,07:05,5,长安
2026-08-01,07:06,7,汉中
2026-08-01,07:07,7,汉中
2026-08-01,07:08,6,许昌
2026-08-01,07:09,7,汉中
2026-08-01,07:10,3,建业
2026-08-01,07:11,4,荆州
2026-08-01,07:12,6,许昌
2026-08-01,07:13,6,许昌
2026-08-01,07:14,1,洛阳
2026-08-01,07:15,5,长安
2026-08-01,07:16,4,荆州
2026-08-01,07:17,1,洛阳
2026-08-01,07:18,4,荆州
2026-08-01,07:19,4,荆州
2026-08-01,07:20,7,汉中
2026-08-01,07:21,6,许昌
2026-08-01,07:22,6,许昌
2026-08-01,07:23,4,荆州
2026-08-01,07:24,6,许昌
2026-08-01,07:25,5,长安
2026-08-01,07:26,7,汉中
2026-08-01,07:27,6,许昌
2026-08-01,07:28,5,长安
2026-08-01,07:29,2,成都
2026-08-01,07:30,7,汉中
2026-08-01,07:31,5,长安
2026-08-01,07:32,6,许昌
2026-08-01,07:33,7,汉中
2026-08-01,07:34,6,许昌
2026-08-01,07:35,5,长安
2026-08-01,07:36,6,许昌
2026-08-01,07:37,1,洛阳
2026-08-01,07:38,7,汉中
2026-08-01,07:39,4,荆州
2026-08-01,07:40,6,许昌
2026-08-01,07:41,2,成都
2026-08-01,07:42,7,汉中
2026-08-01,07:43,7,汉中
2026-08-01,07:44,6,许昌
2026-08-01,07:45,5,长安
2026-08-01,07:46,6,许昌
2026-08-01,07:47,3,建业
2026-08-01,07:48,5,长安
2026-08-01,07:49,3,建业
2026-08-01,07:50,3,建业
2026-08-01,07:51,6,许昌
2026-08-01,07:52,6,许昌
2026-08-01,07:53,6,许昌
2026-08-01,07:54,4,荆州
2026-08-01,07:55,2,成都
2026-08-01,07:56,2,成都
2026-08-01,07:57,5,长安
2026-08-01,07:58,7,汉中
2026-08-01,07:59,6,许昌
2026-08-01,08:00,6,许昌
2026-08-01,08:01,4,荆州
2026-08-01,08:02,7,汉中
2026-08-01,08:03,6,许昌
2026-08-01,08:04,3,建业
2026-08-01,08:05,6,许昌
2026-08-01,08:06,4,荆州
2026-08-01,08:07,3,建业
2026-08-01,08:08,3,建业
2026-08-01,08:09,7,汉中
2026-08-01,08:10,6,许昌
2026-08-01,08:11,7,汉中
2026-08-01,08:12,7,汉中
2026-08-01,08:13,5,长安
2026-08-01,08:14,4,荆州
2026-08-01,08:15,6,许昌
2026-08-01,08:16,7,汉中
2026-08-01,08:17,5,长安
2026-08-01,08:18,1,洛阳
2026-08-01,08:19,7,汉中
2026-08-01,08:20,6,许昌
2026-08-01,08:21,5,长安
2026-08-01,08:22,4,荆州
2026-08-01,08:23,7,汉中
2026-08-01,08:24,6,许昌
2026-08-01,08:25,2,成都
2026-08-01,08:26,6,许昌
2026-08-01,08:27,7,汉中
2026-08-01,08:28,4,荆州
2026-08-01,08:29,5,长安
2026-08-01,08:30,5,长安
2026-08-01,08:31,5,长安
2026-08-01,08:32,6,许昌
2026-08-01,08:33,7,汉中
2026-08-01,08:34,4,荆州
2026-08-01,08:35,7,汉中
2026-08-01,08:36,6,许昌
2026-08-01,08:37,4,荆州
2026-08-01,08:38,7,汉中
2026-08-01,08:39,5,长安
2026-08-01,08:40,7,汉中
2026-08-01,08:41,2,成都
2026-08-01,08:42,6,许昌
2026-08-01,08:43,5,长安
2026-08-01,08:44,7,汉中
2026-08-01,08:45,7,汉中
2026-08-01,08:46,6,许昌
2026-08-01,08:47,2,成都
2026-08-01,08:48,7,汉中
2026-08-01,08:49,6,许昌
2026-08-01,08:50,5,长安
2026-08-01,08:51,6,许昌
2026-08-01,08:52,4,荆州
2026-08-01,08:53,7,汉中
2026-08-01,08:54,7,汉中
2026-08-01,08:55,4,荆州
2026-08-01,08:56,5,长安
2026-08-01,08:57,7,汉中
2026-08-01,08:58,6,许昌
2026-08-01,08:59,5,长安
2026-08-01,09:00,3,建业
2026-08-01,09:01,1,洛阳
2026-08-01,09:02,6,许昌
2026-08-01,09:03,5,长安
2026-08-01,09:04,6,许昌
2026-08-01,09:05,3,建业
2026-08-01,09:06,6,许昌
2026-08-01,09:07,5,长安
2026-08-01,09:08,5,长安
2026-08-01,09:09,3,建业
2026-08-01,09:10,6,许昌
2026-08-01,09:11,5,长安
2026-08-01,09:12,2,成都
2026-08-01,09:13,6,许昌
2026-08-01,09:14,6,许昌
2026-08-01,09:15,7,汉中
2026-08-01,09:16,7,汉中
2026-08-01,09:17,7,汉中
2026-08-01,09:18,3,建业
2026-08-01,09:19,2,成都
2026-08-01,09:20,3,建业
2026-08-01,09:21,5,长安
2026-08-01,09:22,6,许昌
2026-08-01,09:23,4,荆州
2026-08-01,09:24,7,汉中
2026-08-01,09:25,7,汉中
2026-08-01,09:26,7,汉中
2026-08-01,09:27,4,荆州
2026-08-01,09:28,5,长安
2026-08-01,09:29,5,长安
2026-08-01,09:30,6,许昌
2026-08-01,09:31,4,荆州
2026-08-01,09:32,6,许昌
2026-08-01,09:33,4,荆州
2026-08-01,09:34,3,建业
2026-08-01,09:35,6,许昌
2026-08-01,09:36,6,许昌
2026-08-01,09:37,5,长安
2026-08-01,09:38,5,长安
2026-08-01,09:39,6,许昌
2026-08-01,09:40,4,荆州
2026-08-01,09:41,3,建业
2026-08-01,09:42,3,建业
2026-08-01,09:43,6,许昌
2026-08-01,09:44,3,建业
2026-08-01,09:45,7,汉中
2026-08-01,09:46,6,许昌
2026-08-01,09:47,6,许昌
2026-08-01,09:48,6,许昌
2026-08-01,09:49,7,汉中
2026-08-01,09:50,7,汉中
2026-08-01,09:51,3,建业
2026-08-01,09:52,6,许昌
2026-08-01,09:53,7,汉中
2026-08-01,09:54,7,汉中
2026-08-01,09:55,1,洛阳
2026-08-01,09:56,6,许昌
2026-08-01,09:57,5,长安
2026-08-01,09:58,6,许昌
2026-08-01,09:59,6,许昌
2026-08-01,10:00,7,汉中
2026-08-01,10:01,7,汉中
2026-08-01,10:02,3,建业
2026-08-01,10:03,7,汉中
2026-08-01,10:04,6,许昌
2026-08-01,10:05,6,许昌
2026-08-01,10:06,7,汉中
2026-08-01,10:07,5,长安
2026-08-01,10:08,5,长安
2026-08-01,10:09,3,建业
2026-08-01,10:10,6,许昌
2026-08-01,10:11,4,荆州
2026-08-01,10:12,7,汉中
2026-08-01,10:13,6,许昌
2026-08-01,10:14,7,汉中
2026-08-01,10:15,6,许昌
2026-08-01,10:16,4,荆州
2026-08-01,10:17,7,汉中
2026-08-01,10:18,7,汉中
2026-08-01,10:19,6,许昌
2026-08-01,10:20,7,汉中
2026-08-01,10:21,5,长安
2026-08-01,10:22,1,洛阳
2026-08-01,10:23,3,建业
2026-08-01,10:24,5,长安
2026-08-01,10:25,3,建业
2026-08-01,10:26,7,汉中
2026-08-01,10:27,2,成都
2026-08-01,10:28,6,许昌
2026-08-01,10:29,6,许昌
2026-08-01,10:30,7,汉中
2026-08-01,10:31,5,长安
2026-08-01,10:32,1,洛阳
2026-08-01,10:33,6,许昌
2026-08-01,10:34,7,汉中
2026-08-01,10:35,5,长安
2026-08-01,10:36,7,汉中
2026-08-01,10:37,6,许昌
2026-08-01,10:38,4,荆州
2026-08-01,10:39,6,许昌
2026-08-01,10:40,5,长安
2026-08-01,10:41,5,长安
2026-08-01,10:42,5,长安
2026-08-01,10:43,7,汉中
2026-08-01,10:44,7,汉中
2026-08-01,10:45,5,长安
2026-08-01,10:46,6,许昌
2026-08-01,10:47,4,荆州
2026-08-01,10:48,5,长安
2026-08-01,10:49,4,荆州
2026-08-01,10:50,5,长安
2026-08-01,10:51,5,长安
2026-08-01,10:52,7,汉中
2026-08-01,10:53,5,长安
2026-08-01,10:54,7,汉中
2026-08-01,10:55,4,荆州
2026-08-01,10:56,4,荆州
2026-08-01,10:57,7,汉中
2026-08-01,10:58,5,长安
2026-08-01,10:59,7,汉中
2026-08-01,11:00,7,汉中
2026-08-01,11:01,3,建业
2026-08-01,11:02,6,许昌
2026-08-01,11:03,5,长安
2026-08-01,11:04,7,汉中
2026-08-01,11:05,7,汉中
2026-08-01,11:06,4,荆州
2026-08-01,11:07,3,建业
2026-08-01,11:08,6,许昌
2026-08-01,11:09,5,长安
2026-08-01,11:10,4,荆州
2026-08-01,11:11,4,荆州
2026-08-01,11:12,3,建业
2026-08-01,11:13,7,汉中
2026-08-01,11:14,3,建业
2026-08-01,11:15,6,许昌
2026-08-01,11:16,6,许昌
2026-08-01,11:17,5,长安
2026-08-01,11:18,3,建业
2026-08-01,11:19,5,长安
2026-08-01,11:20,7,汉中
2026-08-01,11:21,2,成都
2026-08-01,11:22,6,许昌
2026-08-01,11:23,4,荆州
2026-08-01,11:24,6,许昌
2026-08-01,11:25,7,汉中
2026-08-01,11:26,5,长安
2026-08-01,11:27,5,长安
2026-08-01,11:28,4,荆州
2026-08-01,11:29,2,成都
2026-08-01,11:30,3,建业
2026-08-01,11:31,6,许昌
2026-08-01,11:32,6,许昌
2026-08-01,11:33,7,汉中
2026-08-01,11:34,4,荆州
2026-08-01,11:35,6,许昌
2026-08-01,11:36,6,许昌
2026-08-01,11:37,1,洛阳
2026-08-01,11:38,6,许昌
2026-08-01,11:39,7,汉中
2026-08-01,11:40,7,汉中
2026-08-01,11:41,6,许昌
2026-08-01,11:42,7,汉中
2026-08-01,11:43,5,长安
2026-08-01,11:44,4,荆州
2026-08-01,11:45,6,许昌
2026-08-01,11:46,5,长安
2026-08-01,11:47,5,长安
2026-08-01,11:48,6,许昌
2026-08-01,11:49,7,汉中
2026-08-01,11:50,6,许昌
2026-08-01,11:51,6,许昌
2026-08-01,11:52,4,荆州
2026-08-01,11:53,5,长安
2026-08-01,11:54,6,许昌
2026-08-01,11:55,7,汉中
2026-08-01,11:56,5,长安
2026-08-01,11:57,3,建业
2026-08-01,11:58,6,许昌
2026-08-01,11:59,3,建业
2026-08-01,12:00,6,许昌
2026-08-01,12:01,6,许昌
2026-08-01,12:02,6,许昌
2026-08-01,12:03,1,洛阳
2026-08-01,12:04,7,汉中
2026-08-01,12:05,6,许昌
2026-08-01,12:06,7,汉中
2026-08-01,12:07,7,汉中
2026-08-01,12:08,3,建业
2026-08-01,12:09,4,荆州
2026-08-01,12:10,1,洛阳
2026-08-01,12:11,7,汉中
2026-08-01,12:12,7,汉中
2026-08-01,12:13,5,长安
2026-08-01,12:14,4,荆州
2026-08-01,12:15,6,许昌
2026-08-01,12:16,4,荆州
2026-08-01,12:17,6,许昌
2026-08-01,12:18,7,汉中
2026-08-01,12:19,6,许昌
2026-08-01,12:20,6,许昌
2026-08-01,12:21,7,汉中
2026-08-01,12:22,7,汉中
2026-08-01,12:23,6,许昌
2026-08-01,12:24,5,长安
2026-08-01,12:25,6,许昌
2026-08-01,12:26,5,长安
2026-08-01,12:27,4,荆州
2026-08-01,12:28,3,建业
2026-08-01,12:29,7,汉中
2026-08-01,12:30,6,许昌
2026-08-01,12:31,4,荆州
2026-08-01,12:32,5,长安
2026-08-01,12:33,6,许昌
2026-08-01,12:34,4,荆州
2026-08-01,12:35,6,许昌
2026-08-01,12:36,6,许昌
2026-08-01,12:37,2,成都
2026-08-01,12:38,5,长安
2026-08-01,12:39,5,长安
2026-08-01,12:40,7,汉中
2026-08-01,12:41,5,长安
2026-08-01,12:42,7,汉中
2026-08-01,12:43,7,汉中
2026-08-01,12:44,1,洛阳
2026-08-01,12:45,3,建业
2026-08-01,12:46,6,许昌
2026-08-01,12:47,4,荆州
2026-08-01,12:48,7,汉中
2026-08-01,12:49,2,成都
2026-08-01,12:50,6,许昌
2026-08-01,12:51,5,长安
2026-08-01,12:52,7,汉中
2026-08-01,12:53,5,长安
2026-08-01,12:54,1,洛阳
2026-08-01,12:55,5,长安
2026-08-01,12:56,2,成都
2026-08-01,12:57,5,长安
2026-08-01,12:58,3,建业
2026-08-01,12:59,3,建业
2026-08-01,13:00,5,长安
2026-08-01,13:01,5,长安
2026-08-01,13:02,5,长安
2026-08-01,13:03,6,许昌
2026-08-01,13:04,5,长安
2026-08-01,13:05,7,汉中
2026-08-01,13:06,4,荆州
2026-08-01,13:07,2,成都
2026-08-01,13:08,6,许昌
2026-08-01,13:09,6,许昌
2026-08-01,13:10,4,荆州
2026-08-01,13:11,4,荆州
2026-08-01,13:12,4,荆州
2026-08-01,13:13,4,荆州
2026-08-01,13:14,6,许昌
2026-08-01,13:15,6,许昌
2026-08-01,13:16,6,许昌
2026-08-01,13:17,7,汉中
2026-08-01,13:18,2,成都
2026-08-01,13:19,4,荆州
2026-08-01,13:20,7,汉中
2026-08-01,13:21,7,汉中
2026-08-01,13:22,4,荆州
2026-08-01,13:23,6,许昌
2026-08-01,13:24,7,汉中
2026-08-01,13:25,1,洛阳
2026-08-01,13:26,7,汉中
2026-08-01,13:27,4,荆州
2026-08-01,13:28,6,许昌
2026-08-01,13:29,7,汉中
2026-08-01,13:30,6,许昌
2026-08-01,13:31,6,许昌
2026-08-01,13:32,7,汉中
2026-08-01,13:33,5,长安
2026-08-01,13:34,3,建业
2026-08-01,13:35,4,荆州
2026-08-01,13:36,7,汉中
2026-08-01,13:37,4,荆州
2026-08-01,13:38,7,汉中
2026-08-01,13:39,5,长安
2026-08-01,13:40,6,许昌
2026-08-01,13:41,4,荆州
2026-08-01,13:42,5,长安
2026-08-01,13:43,7,汉中
2026-08-01,13:44,6,许昌
2026-08-01,13:45,6,许昌
2026-08-01,13:46,5,长安
2026-08-01,13:47,6,许昌
2026-08-01,13:48,5,长安
2026-08-01,13:49,7,汉中
2026-08-01,13:50,7,汉中
2026-08-01,13:51,7,汉中
2026-08-01,13:52,2,成都
2026-08-01,13:53,4,荆州
2026-08-01,13:54,6,许昌
2026-08-01,13:55,7,汉中
2026-08-01,13:56,6,许昌
2026-08-01,13:57,5,长安
2026-08-01,13:58,7,汉中
2026-08-01,13:59,6,许昌
2026-08-01,14:00,5,长安
2026-08-01,14:01,1,洛阳
2026-08-01,14:02,4,荆州
2026-08-01,14:03,5,长安
2026-08-01,14:04,7,汉中
2026-08-01,14:05,6,许昌
2026-08-01,14:06,5,长安
2026-08-01,14:07,5,长安
2026-08-01,14:08,5,长安
2026-08-01,14:09,6,许昌
2026-08-01,14:10,7,汉中
2026-08-01,14:11,7,汉中
2026-08-01,14:12,4,荆州
2026-08-01,14:13,2,成都
2026-08-01,14:14,6,许昌
2026-08-01,14:15,6,许昌
2026-08-01,14:16,4,荆州
2026-08-01,14:17,6,许昌
2026-08-01,14:18,7,汉中
2026-08-01,14:19,6,许昌
2026-08-01,14:20,6,许昌
2026-08-01,14:21,4,荆州
2026-08-01,14:22,6,许昌
2026-08-01,14:23,5,长安
2026-08-01,14:24,6,许昌
2026-08-01,14:25,7,汉中
2026-08-01,14:26,5,长安
2026-08-01,14:27,3,建业
2026-08-01,14:28,7,汉中
2026-08-01,14:29,6,许昌
2026-08-01,14:30,7,汉中
2026-08-01,14:31,6,许昌
2026-08-01,14:32,2,成都
2026-08-01,14:33,5,长安
2026-08-01,14:34,5,长安
2026-08-01,14:35,7,汉中
2026-08-01,14:36,5,长安
2026-08-01,14:37,7,汉中
2026-08-01,14:38,1,洛阳
2026-08-01,14:39,6,许昌
2026-08-01,14:40,6,许昌
2026-08-01,14:41,6,许昌
2026-08-01,14:42,6,许昌
2026-08-01,14:43,4,荆州
2026-08-01,14:44,2,成都
2026-08-01,14:45,2,成都
2026-08-01,14:46,7,汉中
2026-08-01,14:47,7,汉中
2026-08-01,14:48,4,荆州
2026-08-01,14:49,3,建业
2026-08-01,14:50,6,许昌
2026-08-01,14:51,4,荆州
2026-08-01,14:52,7,汉中
2026-08-01,14:53,5,长安
2026-08-01,14:54,6,许昌
2026-08-01,14:55,2,成都
2026-08-01,14:56,7,汉中
2026-08-01,14:57,7,汉中
2026-08-01,14:58,2,成都
2026-08-01,14:59,6,许昌
2026-08-01,15:00,4,荆州
2026-08-01,15:01,5,长安
2026-08-01,15:02,5,长安
2026-08-01,15:03,7,汉中
2026-08-01,15:04,7,汉中
2026-08-01,15:05,4,荆州
2026-08-01,15:06,4,荆州
2026-08-01,15:07,5,长安
2026-08-01,15:08,7,汉中
2026-08-01,15:09,2,成都
2026-08-01,15:10,5,长安
2026-08-01,15:11,6,许昌
2026-08-01,15:12,5,长安
2026-08-01,15:13,5,长安
2026-08-01,15:14,5,长安
2026-08-01,15:15,5,长安
2026-08-01,15:16,7,汉中
2026-08-01,15:17,7,汉中
2026-08-01,15:18,3,建业
2026-08-01,15:19,1,洛阳
2026-08-01,15:20,7,汉中
2026-08-01,15:21,3,建业
2026-08-01,15:22,6,许昌
2026-08-01,15:23,7,汉中
2026-08-01,15:24,5,长安
2026-08-01,15:25,6,许昌
2026-08-01,15:26,7,汉中
2026-08-01,15:27,7,汉中
2026-08-01,15:28,6,许昌
2026-08-01,15:29,7,汉中
2026-08-01,15:30,7,汉中
2026-08-01,15:31,2,成都
2026-08-01,15:32,7,汉中
2026-08-01,15:33,7,汉中
2026-08-01,15:34,6,许昌
2026-08-01,15:35,6,许昌
2026-08-01,15:36,7,汉中
2026-08-01,15:37,5,长安
2026-08-01,15:38,5,长安
2026-08-01,15:39,6,许昌
2026-08-01,15:40,4,荆州
2026-08-01,15:41,5,长安
2026-08-01,15:42,6,许昌
2026-08-01,15:43,5,长安
2026-08-01,15:44,7,汉中
2026-08-01,15:45,5,长安
2026-08-01,15:46,2,成都
2026-08-01,15:47,6,许昌
2026-08-01,15:48,7,汉中
2026-08-01,15:49,7,汉中
2026-08-01,15:50,6,许昌
2026-08-01,15:51,3,建业
2026-08-01,15:52,6,许昌
2026-08-01,15:53,5,长安
2026-08-01,15:54,5,长安
2026-08-01,15:55,5,长安
2026-08-01,15:56,7,汉中
2026-08-01,15:57,4,荆州
2026-08-01,15:58,1,洛阳
2026-08-01,15:59,7,汉中
2026-08-01,16:00,4,荆州
2026-08-01,16:01,4,荆州
2026-08-01,16:02,5,长安
2026-08-01,16:03,5,长安
2026-08-01,16:04,4,荆州
2026-08-01,16:05,6,许昌
2026-08-01,16:06,2,成都
2026-08-01,16:07,7,汉中
2026-08-01,16:08,3,建业
2026-08-01,16:09,5,长安
2026-08-01,16:10,6,许昌
2026-08-01,16:11,7,汉中
2026-08-01,16:12,6,许昌
2026-08-01,16:13,7,汉中
2026-08-01,16:14,7,汉中
2026-08-01,16:15,3,建业
2026-08-01,16:16,4,荆州
2026-08-01,16:17,7,汉中
2026-08-01,16:18,6,许昌
2026-08-01,16:19,4,荆州
2026-08-01,16:20,7,汉中
2026-08-01,16:21,6,许昌
2026-08-01,16:22,5,长安
2026-08-01,16:23,7,汉中
2026-08-01,16:24,5,长安
2026-08-01,16:25,6,许昌
2026-08-01,16:26,5,长安
2026-08-01,16:27,7,汉中
2026-08-01,16:28,5,长安
2026-08-01,16:29,4,荆州
2026-08-01,16:30,6,许昌
2026-08-01,16:31,6,许昌
2026-08-01,16:32,5,长安
2026-08-01,16:33,5,长安
2026-08-01,16:34,7,汉中
2026-08-01,16:35,2,成都
2026-08-01,16:36,5,长安
2026-08-01,16:37,7,汉中
2026-08-01,16:38,6,许昌
2026-08-01,16:39,7,汉中
2026-08-01,16:40,7,汉中
2026-08-01,16:41,5,长安
2026-08-01,16:42,4,荆州
2026-08-01,16:43,5,长安
2026-08-01,16:44,5,长安
2026-08-01,16:45,2,成都
2026-08-01,16:46,6,许昌
2026-08-01,16:47,3,建业
2026-08-01,16:48,6,许昌
2026-08-01,16:49,7,汉中
2026-08-01,16:50,6,许昌
2026-08-01,16:51,4,荆州
2026-08-01,16:52,4,荆州
2026-08-01,16:53,4,荆州
2026-08-01,16:54,4,荆州
2026-08-01,16:55,7,汉中
2026-08-01,16:56,5,长安
2026-08-01,16:57,4,荆州
2026-08-01,16:58,7,汉中
2026-08-01,16:59,5,长安
2026-08-01,17:00,7,汉中
2026-08-01,17:01,3,建业
2026-08-01,17:02,5,长安
2026-08-01,17:03,7,汉中
2026-08-01,17:04,5,长安
2026-08-01,17:05,6,许昌
2026-08-01,17:06,4,荆州
2026-08-01,17:07,3,建业
2026-08-01,17:08,1,洛阳
2026-08-01,17:09,5,长安
2026-08-01,17:10,4,荆州
2026-08-01,17:11,5,长安
2026-08-01,17:12,3,建业
2026-08-01,17:13,5,长安
2026-08-01,17:14,3,建业
2026-08-01,17:15,4,荆州
2026-08-01,17:16,7,汉中
2026-08-01,17:17,2,成都
2026-08-01,17:18,5,长安
2026-08-01,17:19,7,汉中
2026-08-01,17:20,6,许昌
2026-08-01,17:21,2,成都
2026-08-01,17:22,2,成都
2026-08-01,17:23,7,汉中
2026-08-01,17:24,6,许昌
2026-08-01,17:25,1,洛阳
2026-08-01,17:26,4,荆州
2026-08-01,17:27,7,汉中
2026-08-01,17:28,6,许昌
2026-08-01,17:29,7,汉中
2026-08-01,17:30,3,建业
2026-08-01,17:31,7,汉中
2026-08-01,17:32,4,荆州
2026-08-01,17:33,5,长安
2026-08-01,17:34,5,长安
2026-08-01,17:35,5,长安
2026-08-01,17:36,6,许昌
2026-08-01,17:37,2,成都
2026-08-01,17:38,7,汉中
2026-08-01,17:39,1,洛阳
2026-08-01,17:40,5,长安
2026-08-01,17:41,5,长安
2026-08-01,17:42,7,汉中
2026-08-01,17:43,7,汉中
2026-08-01,17:44,6,许昌
2026-08-01,17:45,5,长安
2026-08-01,17:46,6,许昌
2026-08-01,17:47,7,汉中
2026-08-01,17:48,4,荆州
2026-08-01,17:49,7,汉中
2026-08-01,17:50,7,汉中
2026-08-01,17:51,7,汉中
2026-08-01,17:52,7,汉中
2026-08-01,17:53,6,许昌
2026-08-01,17:54,7,汉中
2026-08-01,17:55,5,长安
2026-08-01,17:56,4,荆州
2026-08-01,17:57,3,建业
2026-08-01,17:58,7,汉中
2026-08-01,17:59,7,汉中
2026-08-01,18:00,5,长安
2026-08-01,18:01,6,许昌
2026-08-01,18:02,7,汉中
2026-08-01,18:03,6,许昌
2026-08-01,18:04,5,长安
2026-08-01,18:05,4,荆州
2026-08-01,18:06,5,长安
2026-08-01,18:07,2,成都
2026-08-01,18:08,6,许昌
2026-08-01,18:09,5,长安
2026-08-01,18:10,7,汉中
2026-08-01,18:11,7,汉中
2026-08-01,18:12,6,许昌
2026-08-01,18:13,7,汉中
2026-08-01,18:14,4,荆州
2026-08-01,18:15,5,长安
2026-08-01,18:16,3,建业
2026-08-01,18:17,5,长安
2026-08-01,18:18,6,许昌
2026-08-01,18:19,6,许昌
2026-08-01,18:20,7,汉中
2026-08-01,18:21,5,长安
2026-08-01,18:22,6,许昌
2026-08-01,18:23,7,汉中
2026-08-01,18:24,6,许昌
2026-08-01,18:25,6,许昌
2026-08-01,18:26,7,汉中
2026-08-01,18:27,6,许昌
2026-08-01,18:28,6,许昌
2026-08-01,18:29,6,许昌
2026-08-01,18:30,6,许昌
2026-08-01,18:31,1,洛阳
2026-08-01,18:32,6,许昌
2026-08-01,18:33,3,建业
2026-08-01,18:34,5,长安
2026-08-01,18:35,4,荆州
2026-08-01,18:36,1,洛阳
2026-08-01,18:37,6,许昌
2026-08-01,18:38,6,许昌
2026-08-01,18:39,5,长安
2026-08-01,18:40,5,长安
2026-08-01,18:41,6,许昌
2026-08-01,18:42,6,许昌
2026-08-01,18:43,5,长安
2026-08-01,18:44,5,长安
2026-08-01,18:45,7,汉中
2026-08-01,18:46,7,汉中
2026-08-01,18:47,5,长安
2026-08-01,18:48,5,长安
2026-08-01,18:49,6,许昌
2026-08-01,18:50,2,成都
2026-08-01,18:51,7,汉中
2026-08-01,18:52,5,长安
2026-08-01,18:53,7,汉中
2026-08-01,18:54,5,长安
2026-08-01,18:55,2,成都
2026-08-01,18:56,4,荆州
2026-08-01,18:57,3,建业
2026-08-01,18:58,5,长安
2026-08-01,18:59,6,许昌
2026-08-01,19:00,5,长安
2026-08-01,19:01,3,建业
2026-08-01,19:02,7,汉中
2026-08-01,19:03,5,长安
2026-08-01,19:04,7,汉中
2026-08-01,19:05,7,汉中
2026-08-01,19:06,7,汉中
2026-08-01,19:07,2,成都
2026-08-01,19:08,1,洛阳
2026-08-01,19:09,3,建业
2026-08-01,19:10,6,许昌
2026-08-01,19:11,5,长安
2026-08-01,19:12,6,许昌
2026-08-01,19:13,7,汉中
2026-08-01,19:14,7,汉中
2026-08-01,19:15,7,汉中
2026-08-01,19:16,6,许昌
2026-08-01,19:17,7,汉中
2026-08-01,19:18,6,许昌
2026-08-01,19:19,4,荆州
2026-08-01,19:20,4,荆州
2026-08-01,19:21,5,长安
2026-08-01,19:22,6,许昌
2026-08-01,19:23,3,建业
2026-08-01,19:24,4,荆州
2026-08-01,19:25,5,长安
2026-08-01,19:26,7,汉中
2026-08-01,19:27,5,长安
2026-08-01,19:28,5,长安
2026-08-01,19:29,5,长安
2026-08-01,19:30,6,许昌
2026-08-01,19:31,4,荆州
2026-08-01,19:32,6,许昌
2026-08-01,19:33,6,许昌
2026-08-01,19:34,6,许昌
2026-08-01,19:35,7,汉中
2026-08-01,19:36,7,汉中
2026-08-01,19:37,5,长安
2026-08-01,19:38,6,许昌
2026-08-01,19:39,6,许昌
2026-08-01,19:40,7,汉中
2026-08-01,19:41,7,汉中
2026-08-01,19:42,7,汉中
2026-08-01,19:43,6,许昌
2026-08-01,19:44,7,汉中
2026-08-01,19:45,7,汉中
2026-08-01,19:46,6,许昌
2026-08-01,19:47,3,建业
2026-08-01,19:48,2,成都
2026-08-01,19:49,7,汉中
2026-08-01,19:50,7,汉中
2026-08-01,19:51,5,长安
2026-08-01,19:52,5,长安
2026-08-01,19:53,5,长安
2026-08-01,19:54,3,建业
2026-08-01,19:55,3,建业
2026-08-01,19:56,7,汉中
2026-08-01,19:57,5,长安
2026-08-01,19:58,5,长安
2026-08-01,19:59,6,许昌
2026-08-01,20:00,4,荆州
2026-08-01,20:01,6,许昌
2026-08-01,20:02,2,成都
2026-08-01,20:03,7,汉中
2026-08-01,20:04,2,成都
2026-08-01,20:05,5,长安
2026-08-01,20:06,6,许昌
2026-08-01,20:07,3,建业
2026-08-01,20:08,2,成都
2026-08-01,20:09,7,汉中
2026-08-01,20:10,2,成都
2026-08-01,20:11,6,许昌
2026-08-01,20:12,5,长安
2026-08-01,20:13,1,洛阳
2026-08-01,20:14,3,建业
2026-08-01,20:15,6,许昌
2026-08-01,20:16,4,荆州
2026-08-01,20:17,4,荆州
2026-08-01,20:18,5,长安
2026-08-01,20:19,4,荆州
2026-08-01,20:20,6,许昌
2026-08-01,20:21,5,长安
2026-08-01,20:22,6,许昌
2026-08-01,20:23,7,汉中
2026-08-01,20:24,4,荆州
2026-08-01,20:25,7,汉中
2026-08-01,20:26,7,汉中
2026-08-01,20:27,1,洛阳
2026-08-01,20:28,7,汉中
2026-08-01,20:29,6,许昌
2026-08-01,20:30,7,汉中
2026-08-01,20:31,3,建业
2026-08-01,20:32,5,长安
2026-08-01,20:33,6,许昌
2026-08-01,20:34,5,长安
2026-08-01,20:35,4,荆州
2026-08-01,20:36,6,许昌
2026-08-01,20:37,6,许昌
2026-08-01,20:38,6,许昌
2026-08-01,20:39,6,许昌
2026-08-01,20:40,4,荆州
2026-08-01,20:41,7,汉中
2026-08-01,20:42,4,荆州
2026-08-01,20:43,5,长安
2026-08-01,20:44,1,洛阳
2026-08-01,20:45,5,长安
2026-08-01,20:46,6,许昌
2026-08-01,20:47,7,汉中
2026-08-01,20:48,5,长安
2026-08-01,20:49,6,许昌
2026-08-01,20:50,7,汉中
2026-08-01,20:51,5,长安
2026-08-01,20:52,2,成都
2026-08-01,20:53,5,长安
2026-08-01,20:54,7,汉中
2026-08-01,20:55,5,长安
2026-08-01,20:56,7,汉中
2026-08-01,20:57,6,许昌
2026-08-01,20:58,5,长安
2026-08-01,20:59,6,许昌
2026-08-01,21:00,7,汉中
2026-08-01,21:01,6,许昌
2026-08-01,21:02,4,荆州
2026-08-01,21:03,3,建业
2026-08-01,21:04,6,许昌
2026-08-01,21:05,7,汉中
2026-08-01,21:06,5,长安
2026-08-01,21:07,5,长安
2026-08-01,21:08,5,长安
2026-08-01,21:09,4,荆州
2026-08-01,21:10,4,荆州
2026-08-01,21:11,6,许昌
2026-08-01,21:12,5,长安
2026-08-01,21:13,5,长安
2026-08-01,21:14,4,荆州
2026-08-01,21:15,5,长安
2026-08-01,21:16,5,长安
2026-08-01,21:17,6,许昌
2026-08-01,21:18,4,荆州
2026-08-01,21:19,7,汉中
2026-08-01,21:20,6,许昌
2026-08-01,21:21,4,荆州
2026-08-01,21:22,5,长安
2026-08-01,21:23,1,洛阳
2026-08-01,21:24,5,长安
2026-08-01,21:25,6,许昌
2026-08-01,21:26,7,汉中
2026-08-01,21:27,6,许昌
2026-08-01,21:28,7,汉中
2026-08-01,21:29,5,长安
2026-08-01,21:30,2,成都
2026-08-01,21:31,6,许昌
2026-08-01,21:32,3,建业
2026-08-01,21:33,6,许昌
2026-08-01,21:34,5,长安
2026-08-01,21:35,5,长安
2026-08-01,21:36,5,长安
2026-08-01,21:37,6,许昌
2026-08-01,21:38,6,许昌
2026-08-01,21:39,4,荆州
2026-08-01,21:40,6,许昌
2026-08-01,21:41,5,长安
2026-08-01,21:42,3,建业
2026-08-01,21:43,4,荆州
2026-08-01,21:44,6,许昌
2026-08-01,21:45,7,汉中
2026-08-01,21:46,3,建业
2026-08-01,21:47,6,许昌
2026-08-01,21:48,6,许昌
2026-08-01,21:49,5,长安
2026-08-01,21:50,5,长安
2026-08-01,21:51,2,成都
2026-08-01,21:52,7,汉中
2026-08-01,21:53,2,成都
2026-08-01,21:54,4,荆州
2026-08-01,21:55,5,长安
2026-08-01,21:56,7,汉中
2026-08-01,21:57,5,长安
2026-08-01,21:58,7,汉中
2026-08-01,21:59,6,许昌
2026-08-01,22:00,5,长安
2026-08-01,22:01,1,洛阳
2026-08-01,22:02,5,长安
2026-08-01,22:03,2,成都
2026-08-01,22:04,2,成都
2026-08-01,22:05,2,成都
2026-08-01,22:06,5,长安
2026-08-01,22:07,4,荆州
2026-08-01,22:08,2,成都
2026-08-01,22:09,6,许昌
2026-08-01,22:10,4,荆州
2026-08-01,22:11,6,许昌
2026-08-01,22:12,5,长安
2026-08-01,22:13,3,建业
2026-08-01,22:14,5,长安
2026-08-01,22:15,6,许昌
2026-08-01,22:16,7,汉中
2026-08-01,22:17,6,许昌
2026-08-01,22:18,7,汉中
2026-08-01,22:19,5,长安
2026-08-01,22:20,6,许昌
2026-08-01,22:21,7,汉中
2026-08-01,22:22,6,许昌
2026-08-01,22:23,5,长安
2026-08-01,22:24,7,汉中
2026-08-01,22:25,6,许昌
2026-08-01,22:26,5,长安
2026-08-01,22:27,6,许昌
2026-08-01,22:28,2,成都
2026-08-01,22:29,4,荆州
2026-08-01,22:30,7,汉中
2026-08-01,22:31,5,长安
2026-08-01,22:32,4,荆州
2026-08-01,22:33,7,汉中
2026-08-01,22:34,4,荆州
2026-08-01,22:35,4,荆州
2026-08-01,22:36,4,荆州
2026-08-01,22:37,5,长安
2026-08-01,22:38,5,长安
2026-08-01,22:39,7,汉中
2026-08-01,22:40,4,荆州
2026-08-01,22:41,5,长安
2026-08-01,22:42,5,长安
2026-08-01,22:43,5,长安
2026-08-01,22:44,6,许昌
2026-08-01,22:45,2,成都
2026-08-01,22:46,5,长安
2026-08-01,22:47,7,汉中
2026-08-01,22:48,6,许昌
2026-08-01,22:49,1,洛阳
2026-08-01,22:50,4,荆州
2026-08-01,22:51,5,长安
2026-08-01,22:52,5,长安
2026-08-01,22:53,7,汉中
2026-08-01,22:54,5,长安
2026-08-01,22:55,7,汉中
2026-08-01,22:56,5,长安
2026-08-01,22:57,6,许昌
2026-08-01,22:58,1,洛阳
2026-08-01,22:59,6,许昌
2026-08-01,23:00,5,长安
2026-08-01,23:01,4,荆州
2026-08-01,23:02,4,荆州
2026-08-01,23:03,3,建业
2026-08-01,23:04,6,许昌
2026-08-01,23:05,5,长安
2026-08-01,23:06,7,汉中
2026-08-01,23:07,7,汉中
2026-08-01,23:08,6,许昌
2026-08-01,23:09,6,许昌
2026-08-01,23:10,5,长安
2026-08-01,23:11,6,许昌
2026-08-01,23:12,5,长安
2026-08-01,23:13,2,成都
2026-08-01,23:14,5,长安
2026-08-01,23:15,4,荆州
2026-08-01,23:16,2,成都
2026-08-01,23:17,1,洛阳
2026-08-01,23:18,6,许昌
2026-08-01,23:19,3,建业
2026-08-01,23:20,7,汉中
2026-08-01,23:21,5,长安
2026-08-01,23:22,7,汉中
2026-08-01,23:23,5,长安
2026-08-01,23:24,5,长安
2026-08-01,23:25,3,建业
2026-08-01,23:26,6,许昌
2026-08-01,23:27,7,汉中
2026-08-01,23:28,6,许昌
2026-08-01,23:29,3,建业
2026-08-01,23:30,5,长安
2026-08-01,23:31,7,汉中
2026-08-01,23:32,5,长安
2026-08-01,23:33,2,成都
2026-08-01,23:34,5,长安
2026-08-01,23:35,6,许昌
2026-08-01,23:36,7,汉中
2026-08-01,23:37,5,长安
2026-08-01,23:38,7,汉中
2026-08-01,23:39,5,长安
2026-08-01,23:40,6,许昌
2026-08-01,23:41,3,建业
2026-08-01,23:42,4,荆州
2026-08-01,23:43,2,成都
2026-08-01,23:44,5,长安
2026-08-01,23:45,7,汉中
2026-08-01,23:46,7,汉中
2026-08-01,23:47,7,汉中
2026-08-01,23:48,2,成都
2026-08-01,23:49,2,成都
2026-08-01,23:50,5,长安
2026-08-01,23:51,6,许昌
2026-08-01,23:52,3,建业
2026-08-01,23:53,3,建业
2026-08-01,23:54,6,许昌
2026-08-01,23:55,6,许昌
2026-08-01,23:56,7,汉中
2026-08-01,23:57,5,长安
2026-08-01,23:58,6,许昌
2026-08-01,23:59,3,建业
2026-08-02,00:00,6,许昌
2026-08-02,00:01,5,长安
2026-08-02,00:02,7,汉中
2026-08-02,00:03,6,许昌
2026-08-02,00:04,6,许昌
2026-08-02,00:05,7,汉中
2026-08-02,00:06,7,汉中
2026-08-02,00:07,5,长安
2026-08-02,00:08,7,汉中
2026-08-02,00:09,6,许昌
2026-08-02,00:10,5,长安
2026-08-02,00:11,7,汉中
2026-08-02,00:12,7,汉中
2026-08-02,00:13,6,许昌
2026-08-02,00:14,7,汉中
2026-08-02,00:15,6,许昌
2026-08-02,00:16,7,汉中
2026-08-02,00:17,7,汉中
2026-08-02,00:18,4,荆州
2026-08-02,00:19,6,许昌
2026-08-02,00:20,6,许昌
2026-08-02,00:21,7,汉中
2026-08-02,00:22,5,长安
2026-08-02,00:23,2,成都
2026-08-02,00:24,1,洛阳
2026-08-02,00:25,7,汉中
2026-08-02,00:26,4,荆州
2026-08-02,00:27,5,长安
2026-08-02,00:28,7,汉中
2026-08-02,00:29,4,荆州
2026-08-02,00:30,7,汉中
2026-08-02,00:31,4,荆州
2026-08-02,00:32,6,许昌
2026-08-02,00:33,6,许昌
2026-08-02,00:34,7,汉中
2026-08-02,00:35,4,荆州
2026-08-02,00:36,4,荆州
2026-08-02,00:37,7,汉中
2026-08-02,00:38,4,荆州
2026-08-02,00:39,6,许昌
2026-08-02,00:40,3,建业
2026-08-02,00:41,4,荆州
2026-08-02,00:42,5,长安
2026-08-02,00:43,7,汉中
2026-08-02,00:44,6,许昌
2026-08-02,00:45,6,许昌
2026-08-02,00:46,5,长安
2026-08-02,00:47,6,许昌
2026-08-02,00:48,5,长安
2026-08-02,00:49,4,荆州
2026-08-02,00:50,5,长安
2026-08-02,00:51,5,长安
2026-08-02,00:52,2,成都
2026-08-02,00:53,4,荆州
2026-08-02,00:54,1,洛阳
2026-08-02,00:55,7,汉中
2026-08-02,00:56,6,许昌
2026-08-02,00:57,5,长安
2026-08-02,00:58,5,长安
2026-08-02,00:59,2,成都
2026-08-02,01:00,5,长安
2026-08-02,01:01,5,长安
2026-08-02,01:02,1,洛阳
2026-08-02,01:03,7,汉中
2026-08-02,01:04,1,洛阳
2026-08-02,01:05,5,长安
2026-08-02,01:06,6,许昌
2026-08-02,01:07,5,长安
2026-08-02,01:08,6,许昌
2026-08-02,01:09,6,许昌
2026-08-02,01:10,4,荆州
2026-08-02,01:11,5,长安
2026-08-02,01:12,2,成都
2026-08-02,01:13,3,建业
2026-08-02,01:14,7,汉中
2026-08-02,01:15,4,荆州
2026-08-02,01:16,3,建业
2026-08-02,01:17,6,许昌
2026-08-02,01:18,7,汉中
2026-08-02,01:19,6,许昌
2026-08-02,01:20,7,汉中
2026-08-02,01:21,2,成都
2026-08-02,01:22,4,荆州
2026-08-02,01:23,6,许昌
2026-08-02,01:24,7,汉中
2026-08-02,01:25,6,许昌
2026-08-02,01:26,6,许昌
2026-08-02,01:27,7,汉中
2026-08-02,01:28,6,许昌
2026-08-02,01:29,5,长安
2026-08-02,01:30,3,建业
2026-08-02,01:31,3,建业
2026-08-02,01:32,6,许昌
2026-08-02,01:33,3,建业
2026-08-02,01:34,6,许昌
2026-08-02,01:35,6,许昌
2026-08-02,01:36,5,长安
2026-08-02,01:37,6,许昌
2026-08-02,01:38,7,汉中
2026-08-02,01:39,7,汉中
2026-08-02,01:40,1,洛阳
2026-08-02,01:41,5,长安
2026-08-02,01:42,6,许昌
2026-08-02,01:43,3,建业
2026-08-02,01:44,7,汉中
2026-08-02,01:45,7,汉中
2026-08-02,01:46,7,汉中
2026-08-02,01:47,7,汉中
2026-08-02,01:48,2,成都
2026-08-02,01:49,5,长安
2026-08-02,01:50,7,汉中
2026-08-02,01:51,3,建业
2026-08-02,01:52,5,长安
2026-08-02,01:53,7,汉中
2026-08-02,01:54,5,长安
2026-08-02,01:55,4,荆州
2026-08-02,01:56,6,许昌
2026-08-02,01:57,7,汉中
2026-08-02,01:58,7,汉中
2026-08-02,01:59,3,建业
2026-08-02,02:00,7,汉中
2026-08-02,02:01,5,长安
2026-08-02,02:02,4,荆州
2026-08-02,02:03,6,许昌
2026-08-02,02:04,7,汉中
2026-08-02,02:05,7,汉中
2026-08-02,02:06,6,许昌
2026-08-02,02:07,5,长安
2026-08-02,02:08,6,许昌
2026-08-02,02:09,3,建业
2026-08-02,02:10,5,长安
2026-08-02,02:11,6,许昌
2026-08-02,02:12,3,建业
2026-08-02,02:13,4,荆州
2026-08-02,02:14,7,汉中
2026-08-02,02:15,6,许昌
2026-08-02,02:16,5,长安
2026-08-02,02:17,4,荆州
2026-08-02,02:18,5,长安
2026-08-02,02:19,7,汉中
2026-08-02,02:20,5,长安
2026-08-02,02:21,7,汉中
2026-08-02,02:22,5,长安
2026-08-02,02:23,1,洛阳
2026-08-02,02:24,4,荆州
2026-08-02,02:25,7,汉中
2026-08-02,02:26,7,汉中
2026-08-02,02:27,4,荆州
2026-08-02,02:28,4,荆州
2026-08-02,02:29,5,长安
2026-08-02,02:30,6,许昌
2026-08-02,02:31,7,汉中
2026-08-02,02:32,5,长安
2026-08-02,02:33,3,建业
2026-08-02,02:34,7,汉中
2026-08-02,02:35,7,汉中
2026-08-02,02:36,2,成都
2026-08-02,02:37,3,建业
2026-08-02,02:38,7,汉中
2026-08-02,02:39,6,许昌
2026-08-02,02:40,5,长安
2026-08-02,02:41,3,建业
2026-08-02,02:42,7,汉中
2026-08-02,02:43,4,荆州
2026-08-02,02:44,3,建业
2026-08-02,02:45,7,汉中
2026-08-02,02:46,5,长安
2026-08-02,02:47,6,许昌
2026-08-02,02:48,1,洛阳
2026-08-02,02:49,5,长安
2026-08-02,02:50,5,长安
2026-08-02,02:51,7,汉中
2026-08-02,02:52,6,许昌
2026-08-02,02:53,7,汉中
2026-08-02,02:54,5,长安
2026-08-02,02:55,7,汉中
2026-08-02,02:56,6,许昌
2026-08-02,02:57,5,长安
2026-08-02,02:58,5,长安
2026-08-02,02:59,7,汉中
2026-08-02,03:00,5,长安
2026-08-02,03:01,4,荆州
2026-08-02,03:02,7,汉中
2026-08-02,03:03,6,许昌
2026-08-02,03:04,7,汉中
2026-08-02,03:05,7,汉中
2026-08-02,03:06,7,汉中
2026-08-02,03:07,6,许昌
2026-08-02,03:08,6,许昌
2026-08-02,03:09,7,汉中
2026-08-02,03:10,5,长安
2026-08-02,03:11,7,汉中
2026-08-02,03:12,7,汉中
2026-08-02,03:13,6,许昌
2026-08-02,03:14,6,许昌
2026-08-02,03:15,3,建业
2026-08-02,03:16,2,成都
2026-08-02,03:17,6,许昌
2026-08-02,03:18,5,长安
2026-08-02,03:19,4,荆州
2026-08-02,03:20,2,成都
2026-08-02,03:21,6,许昌
2026-08-02,03:22,5,长安
2026-08-02,03:23,5,长安
2026-08-02,03:24,7,汉中
2026-08-02,03:25,5,长安
2026-08-02,03:26,7,汉中
2026-08-02,03:27,6,许昌
2026-08-02,03:28,6,许昌
2026-08-02,03:29,4,荆州
2026-08-02,03:30,6,许昌
2026-08-02,03:31,3,建业
2026-08-02,03:32,7,汉中
2026-08-02,03:33,7,汉中
2026-08-02,03:34,6,许昌
2026-08-02,03:35,4,荆州
2026-08-02,03:36,6,许昌
2026-08-02,03:37,7,汉中
2026-08-02,03:38,4,荆州
2026-08-02,03:39,4,荆州
2026-08-02,03:40,1,洛阳
2026-08-02,03:41,6,许昌
2026-08-02,03:42,7,汉中
2026-08-02,03:43,5,长安
2026-08-02,03:44,4,荆州
2026-08-02,03:45,6,许昌
2026-08-02,03:46,6,许昌
2026-08-02,03:47,7,汉中
2026-08-02,03:48,7,汉中
2026-08-02,03:49,6,许昌
2026-08-02,03:50,5,长安
2026-08-02,03:51,4,荆州
2026-08-02,03:52,6,许昌
2026-08-02,03:53,2,成都
2026-08-02,03:54,2,成都
2026-08-02,03:55,6,许昌
2026-08-02,03:56,3,建业
2026-08-02,03:57,2,成都
2026-08-02,03:58,6,许昌
2026-08-02,03:59,7,汉中
2026-08-02,04:00,3,建业
2026-08-02,04:01,6,许昌
2026-08-02,04:02,2,成都
2026-08-02,04:03,6,许昌
2026-08-02,04:04,5,长安
2026-08-02,04:05,6,许昌
2026-08-02,04:06,4,荆州
2026-08-02,04:07,7,汉中
2026-08-02,04:08,5,长安
2026-08-02,04:09,5,长安
2026-08-02,04:10,5,长安
2026-08-02,04:11,7,汉中
2026-08-02,04:12,7,汉中
2026-08-02,04:13,3,建业
2026-08-02,04:14,7,汉中
2026-08-02,04:15,6,许昌
2026-08-02,04:16,7,汉中
2026-08-02,04:17,7,汉中
2026-08-02,04:18,6,许昌
2026-08-02,04:19,5,长安
2026-08-02,04:20,3,建业
2026-08-02,04:21,5,长安
2026-08-02,04:22,7,汉中
2026-08-02,04:23,5,长安
2026-08-02,04:24,7,汉中
2026-08-02,04:25,7,汉中
2026-08-02,04:26,6,许昌
2026-08-02,04:27,7,汉中
2026-08-02,04:28,2,成都
2026-08-02,04:29,6,许昌
2026-08-02,04:30,5,长安
2026-08-02,04:31,5,长安
2026-08-02,04:32,7,汉中
2026-08-02,04:33,6,许昌
2026-08-02,04:34,7,汉中
2026-08-02,04:35,6,许昌
2026-08-02,04:36,5,长安
2026-08-02,04:37,7,汉中
2026-08-02,04:38,6,许昌
2026-08-02,04:39,1,洛阳
2026-08-02,04:40,6,许昌
2026-08-02,04:41,5,长安
2026-08-02,04:42,5,长安
2026-08-02,04:43,5,长安
2026-08-02,04:44,5,长安
2026-08-02,04:45,5,长安
2026-08-02,04:46,7,汉中
2026-08-02,04:47,5,长安
2026-08-02,04:48,5,长安
2026-08-02,04:49,7,汉中
2026-08-02,04:50,5,长安
2026-08-02,04:51,2,成都
2026-08-02,04:52,5,长安
2026-08-02,04:53,6,许昌
2026-08-02,04:54,7,汉中
2026-08-02,04:55,6,许昌
2026-08-02,04:56,6,许昌
2026-08-02,04:57,5,长安
2026-08-02,04:58,6,许昌
2026-08-02,04:59,7,汉中
2026-08-02,05:00,6,许昌
2026-08-02,05:01,5,长安
2026-08-02,05:02,7,汉中
2026-08-02,05:03,5,长安
2026-08-02,05:04,5,长安
2026-08-02,05:05,2,成都
2026-08-02,05:06,5,长安
2026-08-02,05:07,7,汉中
2026-08-02,05:08,5,长安
2026-08-02,05:09,7,汉中
2026-08-02,05:10,6,许昌
2026-08-02,05:11,4,荆州
2026-08-02,05:12,7,汉中
2026-08-02,05:13,5,长安
2026-08-02,05:14,1,洛阳
2026-08-02,05:15,5,长安
2026-08-02,05:16,7,汉中
2026-08-02,05:17,7,汉中
2026-08-02,05:18,6,许昌
2026-08-02,05:19,7,汉中
2026-08-02,05:20,5,长安
2026-08-02,05:21,7,汉中
2026-08-02,05:22,7,汉中
2026-08-02,05:23,7,汉中
2026-08-02,05:24,2,成都
2026-08-02,05:25,3,建业
2026-08-02,05:26,7,汉中
2026-08-02,05:27,6,许昌
2026-08-02,05:28,6,许昌
2026-08-02,05:29,7,汉中
2026-08-02,05:30,5,长安
2026-08-02,05:31,7,汉中
2026-08-02,05:32,7,汉中
2026-08-02,05:33,5,长安
2026-08-02,05:34,5,长安
2026-08-02,05:35,6,许昌
2026-08-02,05:36,3,建业
2026-08-02,05:37,6,许昌
2026-08-02,05:38,6,许昌
2026-08-02,05:39,3,建业
2026-08-02,05:40,4,荆州
2026-08-02,05:41,7,汉中
2026-08-02,05:42,6,许昌
2026-08-02,05:43,7,汉中
2026-08-02,05:44,4,荆州
2026-08-02,05:45,3,建业
2026-08-02,05:46,5,长安
2026-08-02,05:47,7,汉中
2026-08-02,05:48,6,许昌
2026-08-02,05:49,3,建业
2026-08-02,05:50,5,长安
2026-08-02,05:51,5,长安
2026-08-02,05:52,6,许昌
2026-08-02,05:53,3,建业
2026-08-02,05:54,5,长安
2026-08-02,05:55,6,许昌
2026-08-02,05:56,4,荆州
2026-08-02,05:57,6,许昌
2026-08-02,05:58,2,成都
2026-08-02,05:59,2,成都
2026-08-02,06:00,7,汉中
2026-08-02,06:01,4,荆州
2026-08-02,06:02,7,汉中
2026-08-02,06:03,6,许昌
2026-08-02,06:04,7,汉中
2026-08-02,06:05,5,长安
2026-08-02,06:06,6,许昌
2026-08-02,06:07,6,许昌
2026-08-02,06:08,5,长安
2026-08-02,06:09,6,许昌
2026-08-02,06:10,5,长安
2026-08-02,06:11,6,许昌
2026-08-02,06:12,7,汉中
2026-08-02,06:13,5,长安
2026-08-02,06:14,5,长安
2026-08-02,06:15,5,长安
2026-08-02,06:16,1,洛阳
2026-08-02,06:17,5,长安
2026-08-02,06:18,3,建业
2026-08-02,06:19,6,许昌
2026-08-02,06:20,5,长安
2026-08-02,06:21,4,荆州
2026-08-02,06:22,5,长安
2026-08-02,06:23,5,长安
2026-08-02,06:24,4,荆州
2026-08-02,06:25,5,长安
2026-08-02,06:26,5,长安
2026-08-02,06:27,5,长安
2026-08-02,06:28,4,荆州
2026-08-02,06:29,5,长安
2026-08-02,06:30,5,长安
2026-08-02,06:31,4,荆州
2026-08-02,06:32,4,荆州
2026-08-02,06:33,7,汉中
2026-08-02,06:34,5,长安
2026-08-02,06:35,5,长安
2026-08-02,06:36,6,许昌
2026-08-02,06:37,6,许昌
2026-08-02,06:38,6,许昌
2026-08-02,06:39,7,汉中
2026-08-02,06:40,5,长安
2026-08-02,06:41,6,许昌
2026-08-02,06:42,5,长安
2026-08-02,06:43,6,许昌
2026-08-02,06:44,5,长安
2026-08-02,06:45,6,许昌
2026-08-02,06:46,5,长安
2026-08-02,06:47,5,长安
2026-08-02,06:48,7,汉中
2026-08-02,06:49,7,汉中
2026-08-02,06:50,1,洛阳
2026-08-02,06:51,7,汉中
2026-08-02,06:52,7,汉中
2026-08-02,06:53,7,汉中
2026-08-02,06:54,6,许昌
2026-08-02,06:55,4,荆州
2026-08-02,06:56,6,许昌
2026-08-02,06:57,5,长安
2026-08-02,06:58,6,许昌
2026-08-02,06:59,6,许昌
2026-08-02,07:00,4,荆州
2026-08-02,07:01,3,建业
2026-08-02,07:02,4,荆州
2026-08-02,07:03,2,成都
2026-08-02,07:04,6,许昌
2026-08-02,07:05,7,汉中
2026-08-02,07:06,5,长安
2026-08-02,07:07,7,汉中
2026-08-02,07:08,7,汉中
2026-08-02,07:09,7,汉中
2026-08-02,07:10,7,汉中
2026-08-02,07:11,1,洛阳
2026-08-02,07:12,7,汉中
2026-08-02,07:13,6,许昌
2026-08-02,07:14,7,汉中
2026-08-02,07:15,5,长安
2026-08-02,07:16,3,建业
2026-08-02,07:17,7,汉中
2026-08-02,07:18,5,长安
2026-08-02,07:19,6,许昌
2026-08-02,07:20,5,长安
2026-08-02,07:21,5,长安
2026-08-02,07:22,7,汉中
2026-08-02,07:23,4,荆州
2026-08-02,07:24,5,长安
2026-08-02,07:25,7,汉中
2026-08-02,07:26,6,许昌
2026-08-02,07:27,3,建业
2026-08-02,07:28,5,长安
2026-08-02,07:29,7,汉中
2026-08-02,07:30,6,许昌
2026-08-02,07:31,6,许昌
2026-08-02,07:32,5,长安
2026-08-02,07:33,6,许昌
2026-08-02,07:34,5,长安
2026-08-02,07:35,6,许昌
2026-08-02,07:36,5,长安
2026-08-02,07:37,4,荆州
2026-08-02,07:38,6,许昌
2026-08-02,07:39,5,长安
2026-08-02,07:40,3,建业
2026-08-02,07:41,6,许昌
2026-08-02,07:42,5,长安
2026-08-02,07:43,7,汉中
2026-08-02,07:44,6,许昌
2026-08-02,07:45,6,许昌
2026-08-02,07:46,5,长安
2026-08-02,07:47,4,荆州
2026-08-02,07:48,5,长安
2026-08-02,07:49,6,许昌
2026-08-02,07:50,7,汉中
2026-08-02,07:51,6,许昌
2026-08-02,07:52,4,荆州
2026-08-02,07:53,4,荆州
2026-08-02,07:54,7,汉中
2026-08-02,07:55,5,长安
2026-08-02,07:56,7,汉中
2026-08-02,07:57,5,长安
2026-08-02,07:58,5,长安
2026-08-02,07:59,3,建业
2026-08-02,08:00,4,荆州
2026-08-02,08:01,7,汉中
2026-08-02,08:02,2,成都
2026-08-02,08:03,5,长安
2026-08-02,08:04,6,许昌
2026-08-02,08:05,7,汉中
2026-08-02,08:06,5,长安
2026-08-02,08:07,7,汉中
2026-08-02,08:08,5,长安
2026-08-02,08:09,6,许昌
2026-08-02,08:10,5,长安
2026-08-02,08:11,4,荆州
2026-08-02,08:12,7,汉中
2026-08-02,08:13,5,长安
2026-08-02,08:14,6,许昌
2026-08-02,08:15,7,汉中
2026-08-02,08:16,6,许昌
2026-08-02,08:17,6,许昌
2026-08-02,08:18,5,长安
2026-08-02,08:19,2,成都
2026-08-02,08:20,5,长安
2026-08-02,08:21,7,汉中
2026-08-02,08:22,6,许昌
2026-08-02,08:23,6,许昌
2026-08-02,08:24,5,长安
2026-08-02,08:25,4,荆州
2026-08-02,08:26,7,汉中
2026-08-02,08:27,7,汉中
2026-08-02,08:28,6,许昌
2026-08-02,08:29,5,长安
2026-08-02,08:30,4,荆州
2026-08-02,08:31,6,许昌
2026-08-02,08:32,5,长安
2026-08-02,08:33,7,汉中
2026-08-02,08:34,5,长安
2026-08-02,08:35,6,许昌
2026-08-02,08:36,1,洛阳
2026-08-02,08:37,6,许昌
2026-08-02,08:38,4,荆州
2026-08-02,08:39,6,许昌
2026-08-02,08:40,7,汉中
2026-08-02,08:41,6,许昌
2026-08-02,08:42,5,长安
2026-08-02,08:43,5,长安
2026-08-02,08:44,7,汉中
2026-08-02,08:45,6,许昌
2026-08-02,08:46,4,荆州
2026-08-02,08:47,4,荆州
2026-08-02,08:48,6,许昌
2026-08-02,08:49,7,汉中
2026-08-02,08:50,6,许昌
2026-08-02,08:51,5,长安
2026-08-02,08:52,7,汉中
2026-08-02,08:53,6,许昌
2026-08-02,08:54,5,长安
2026-08-02,08:55,5,长安
2026-08-02,08:56,6,许昌
2026-08-02,08:57,6,许昌
2026-08-02,08:58,5,长安
2026-08-02,08:59,6,许昌
2026-08-02,09:00,7,汉中
2026-08-02,09:01,5,长安
2026-08-02,09:02,5,长安
2026-08-02,09:03,6,许昌
2026-08-02,09:04,7,汉中
2026-08-02,09:05,1,洛阳
2026-08-02,09:06,3,建业
2026-08-02,09:07,3,建业
2026-08-02,09:08,5,长安
2026-08-02,09:09,1,洛阳
2026-08-02,09:10,7,汉中
2026-08-02,09:11,7,汉中
2026-08-02,09:12,5,长安
2026-08-02,09:13,4,荆州
2026-08-02,09:14,7,汉中
2026-08-02,09:15,1,洛阳
2026-08-02,09:16,7,汉中
2026-08-02,09:17,5,长安
2026-08-02,09:18,6,许昌
2026-08-02,09:19,7,汉中
2026-08-02,09:20,5,长安
2026-08-02,09:21,2,成都
2026-08-02,09:22,5,长安
2026-08-02,09:23,5,长安
2026-08-02,09:24,5,长安
2026-08-02,09:25,5,长安
2026-08-02,09:26,5,长安
2026-08-02,09:27,2,成都
2026-08-02,09:28,4,荆州
2026-08-02,09:29,4,荆州
2026-08-02,09:30,5,长安
2026-08-02,09:31,6,许昌
2026-08-02,09:32,6,许昌
2026-08-02,09:33,6,许昌
2026-08-02,09:34,7,汉中
2026-08-02,09:35,7,汉中
2026-08-02,09:36,7,汉中
2026-08-02,09:37,5,长安
2026-08-02,09:38,7,汉中
2026-08-02,09:39,7,汉中
2026-08-02,09:40,5,长安
2026-08-02,09:41,3,建业
2026-08-02,09:42,5,长安
2026-08-02,09:43,5,长安
2026-08-02,09:44,7,汉中
2026-08-02,09:45,6,许昌
2026-08-02,09:46,5,长安
2026-08-02,09:47,6,许昌
2026-08-02,09:48,7,汉中
2026-08-02,09:49,5,长安
2026-08-02,09:50,7,汉中
2026-08-02,09:51,6,许昌
2026-08-02,09:52,6,许昌
2026-08-02,09:53,5,长安
2026-08-02,09:54,7,汉中
2026-08-02,09:55,6,许昌
2026-08-02,09:56,6,许昌
2026-08-02,09:57,4,荆州
2026-08-02,09:58,2,成都
2026-08-02,09:59,5,长安
2026-08-02,10:00,3,建业
2026-08-02,10:01,6,许昌
2026-08-02,10:02,3,建业
2026-08-02,10:03,7,汉中
2026-08-02,10:04,5,长安
2026-08-02,10:05,3,建业
2026-08-02,10:06,6,许昌
2026-08-02,10:07,3,建业
2026-08-02,10:08,4,荆州
2026-08-02,10:09,7,汉中
2026-08-02,10:10,7,汉中
2026-08-02,10:11,7,汉中
2026-08-02,10:12,2,成都
2026-08-02,10:13,7,汉中
2026-08-02,10:14,7,汉中
2026-08-02,10:15,6,许昌
2026-08-02,10:16,7,汉中
2026-08-02,10:17,6,许昌
2026-08-02,10:18,7,汉中
2026-08-02,10:19,1,洛阳
2026-08-02,10:20,6,许昌
2026-08-02,10:21,6,许昌
2026-08-02,10:22,4,荆州
2026-08-02,10:23,6,许昌
2026-08-02,10:24,2,成都
2026-08-02,10:25,7,汉中
2026-08-02,10:26,4,荆州
2026-08-02,10:27,6,许昌
2026-08-02,10:28,5,长安
2026-08-02,10:29,1,洛阳
2026-08-02,10:30,6,许昌
2026-08-02,10:31,5,长安
2026-08-02,10:32,7,汉中
2026-08-02,10:33,6,许昌
2026-08-02,10:34,6,许昌
2026-08-02,10:35,5,长安
2026-08-02,10:36,7,汉中
2026-08-02,10:37,5,长安
2026-08-02,10:38,3,建业
2026-08-02,10:39,6,许昌
2026-08-02,10:40,5,长安
2026-08-02,10:41,6,许昌
2026-08-02,10:42,4,荆州
2026-08-02,10:43,5,长安
2026-08-02,10:44,4,荆州
2026-08-02,10:45,2,成都
2026-08-02,10:46,2,成都
2026-08-02,10:47,6,许昌
2026-08-02,10:48,4,荆州
2026-08-02,10:49,5,长安
2026-08-02,10:50,3,建业
2026-08-02,10:51,7,汉中
2026-08-02,10:52,6,许昌
2026-08-02,10:53,7,汉中
2026-08-02,10:54,6,许昌
2026-08-02,10:55,5,长安
2026-08-02,10:56,5,长安
2026-08-02,10:57,5,长安
2026-08-02,10:58,7,汉中
2026-08-02,10:59,5,长安
2026-08-02,11:00,6,许昌
2026-08-02,11:01,5,长安
2026-08-02,11:02,5,长安
2026-08-02,11:03,5,长安
2026-08-02,11:04,6,许昌
2026-08-02,11:05,6,许昌
2026-08-02,11:06,6,许昌
2026-08-02,11:07,5,长安
2026-08-02,11:08,6,许昌
2026-08-02,11:09,7,汉中
2026-08-02,11:10,7,汉中
2026-08-02,11:11,6,许昌
2026-08-02,11:12,1,洛阳
2026-08-02,11:13,6,许昌
2026-08-02,11:14,7,汉中
2026-08-02,11:15,2,成都
2026-08-02,11:16,5,长安
2026-08-02,11:17,4,荆州
2026-08-02,11:18,4,荆州
2026-08-02,11:19,7,汉中
2026-08-02,11:20,5,长安
2026-08-02,11:21,2,成都
2026-08-02,11:22,7,汉中
2026-08-02,11:23,5,长安
2026-08-02,11:24,6,许昌
2026-08-02,11:25,7,汉中
2026-08-02,11:26,1,洛阳
2026-08-02,11:27,7,汉中
2026-08-02,11:28,4,荆州
2026-08-02,11:29,7,汉中
2026-08-02,11:30,7,汉中
2026-08-02,11:31,2,成都
2026-08-02,11:32,7,汉中
2026-08-02,11:33,5,长安
2026-08-02,11:34,5,长安
2026-08-02,11:35,4,荆州
2026-08-02,11:36,6,许昌
2026-08-02,11:37,4,荆州
2026-08-02,11:38,6,许昌
2026-08-02,11:39,5,长安
2026-08-02,11:40,7,汉中
2026-08-02,11:41,4,荆州
2026-08-02,11:42,4,荆州
2026-08-02,11:43,4,荆州
2026-08-02,11:44,5,长安
2026-08-02,11:45,6,许昌
2026-08-02,11:46,7,汉中
2026-08-02,11:47,2,成都
2026-08-02,11:48,4,荆州
2026-08-02,11:49,5,长安
2026-08-02,11:50,6,许昌
2026-08-02,11:51,6,许昌
2026-08-02,11:52,2,成都
2026-08-02,11:53,3,建业
2026-08-02,11:54,7,汉中
2026-08-02,11:55,6,许昌
2026-08-02,11:56,5,长安
2026-08-02,11:57,6,许昌
2026-08-02,11:58,5,长安
2026-08-02,11:59,6,许昌
2026-08-02,12:00,7,汉中
2026-08-02,12:01,6,许昌
2026-08-02,12:02,7,汉中
2026-08-02,12:03,6,许昌
2026-08-02,12:04,6,许昌
2026-08-02,12:05,7,汉中
2026-08-02,12:06,6,许昌
2026-08-02,12:07,5,长安
2026-08-02,12:08,4,荆州
2026-08-02,12:09,6,许昌
2026-08-02,12:10,6,许昌
2026-08-02,12:11,7,汉中
2026-08-02,12:12,5,长安
2026-08-02,12:13,5,长安
2026-08-02,12:14,7,汉中
2026-08-02,12:15,6,许昌
2026-08-02,12:16,7,汉中
2026-08-02,12:17,6,许昌
2026-08-02,12:18,6,许昌
2026-08-02,12:19,5,长安
2026-08-02,12:20,7,汉中
2026-08-02,12:21,6,许昌
2026-08-02,12:22,5,长安
2026-08-02,12:23,5,长安
2026-08-02,12:24,6,许昌
2026-08-02,12:25,4,荆州
2026-08-02,12:26,5,长安
2026-08-02,12:27,6,许昌
2026-08-02,12:28,5,长安
2026-08-02,12:29,7,汉中
2026-08-02,12:30,7,汉中
2026-08-02,12:31,6,许昌
2026-08-02,12:32,4,荆州
2026-08-02,12:33,3,建业
2026-08-02,12:34,6,许昌
2026-08-02,12:35,5,长安
2026-08-02,12:36,7,汉中
2026-08-02,12:37,4,荆州
2026-08-02,12:38,4,荆州
2026-08-02,12:39,7,汉中
2026-08-02,12:40,5,长安
2026-08-02,12:41,5,长安
2026-08-02,12:42,5,长安
2026-08-02,12:43,6,许昌
2026-08-02,12:44,1,洛阳
2026-08-02,12:45,1,洛阳
2026-08-02,12:46,7,汉中
2026-08-02,12:47,5,长安
2026-08-02,12:48,6,许昌
2026-08-02,12:49,7,汉中
2026-08-02,12:50,6,许昌
2026-08-02,12:51,4,荆州
2026-08-02,12:52,5,长安
2026-08-02,12:53,5,长安
2026-08-02,12:54,5,长安
2026-08-02,12:55,7,汉中
2026-08-02,12:56,6,许昌
2026-08-02,12:57,7,汉中
2026-08-02,12:58,4,荆州
2026-08-02,12:59,7,汉中
2026-08-02,13:00,5,长安
2026-08-02,13:01,7,汉中
2026-08-02,13:02,6,许昌
2026-08-02,13:03,4,荆州
2026-08-02,13:04,6,许昌
2026-08-02,13:05,1,洛阳
2026-08-02,13:06,5,长安
2026-08-02,13:07,2,成都
2026-08-02,13:08,5,长安
2026-08-02,13:09,3,建业
2026-08-02,13:10,2,成都
2026-08-02,13:11,5,长安
2026-08-02,13:12,6,许昌
2026-08-02,13:13,7,汉中
2026-08-02,13:14,7,汉中
2026-08-02,13:15,7,汉中
2026-08-02,13:16,7,汉中
2026-08-02,13:17,3,建业
2026-08-02,13:18,7,汉中
2026-08-02,13:19,7,汉中
2026-08-02,13:20,5,长安
2026-08-02,13:21,4,荆州
2026-08-02,13:22,6,许昌
2026-08-02,13:23,6,许昌
2026-08-02,13:24,5,长安
2026-08-02,13:25,6,许昌
2026-08-02,13:26,2,成都
2026-08-02,13:27,6,许昌
2026-08-02,13:28,6,许昌
2026-08-02,13:29,3,建业
2026-08-02,13:30,7,汉中
2026-08-02,13:31,6,许昌
2026-08-02,13:32,3,建业
2026-08-02,13:33,6,许昌
2026-08-02,13:34,7,汉中
2026-08-02,13:35,1,洛阳
2026-08-02,13:36,3,建业
2026-08-02,13:37,4,荆州
2026-08-02,13:38,4,荆州
2026-08-02,13:39,4,荆州
2026-08-02,13:40,7,汉中
2026-08-02,13:41,6,许昌
2026-08-02,13:42,5,长安
2026-08-02,13:43,6,许昌
2026-08-02,13:44,7,汉中
2026-08-02,13:45,4,荆州
2026-08-02,13:46,7,汉中
2026-08-02,13:47,5,长安
2026-08-02,13:48,5,长安
2026-08-02,13:49,6,许昌
2026-08-02,13:50,5,长安
2026-08-02,13:51,5,长安
2026-08-02,13:52,4,荆州
2026-08-02,13:53,6,许昌
2026-08-02,13:54,7,汉中
2026-08-02,13:55,7,汉中
2026-08-02,13:56,7,汉中
2026-08-02,13:57,7,汉中
2026-08-02,13:58,7,汉中
2026-08-02,13:59,7,汉中
2026-08-02,14:00,6,许昌
2026-08-02,14:01,6,许昌
2026-08-02,14:02,7,汉中
2026-08-02,14:03,6,许昌
2026-08-02,14:04,6,许昌
2026-08-02,14:05,1,洛阳
2026-08-02,14:06,6,许昌
2026-08-02,14:07,5,长安
2026-08-02,14:08,3,建业
2026-08-02,14:09,7,汉中
2026-08-02,14:10,5,长安
2026-08-02,14:11,7,汉中
2026-08-02,14:12,7,汉中
2026-08-02,14:13,6,许昌
2026-08-02,14:14,2,成都
2026-08-02,14:15,5,长安
2026-08-02,14:16,7,汉中
2026-08-02,14:17,6,许昌
2026-08-02,14:18,7,汉中
2026-08-02,14:19,7,汉中
2026-08-02,14:20,7,汉中
2026-08-02,14:21,5,长安
2026-08-02,14:22,4,荆州
2026-08-02,14:23,6,许昌
2026-08-02,14:24,5,长安
2026-08-02,14:25,3,建业
2026-08-02,14:26,5,长安
2026-08-02,14:27,7,汉中
2026-08-02,14:28,7,汉中
2026-08-02,14:29,6,许昌
2026-08-02,14:30,6,许昌
2026-08-02,14:31,2,成都
2026-08-02,14:32,6,许昌
2026-08-02,14:33,6,许昌
2026-08-02,14:34,3,建业
2026-08-02,14:35,5,长安
2026-08-02,14:36,7,汉中
2026-08-02,14:37,7,汉中
2026-08-02,14:38,3,建业
2026-08-02,14:39,3,建业
2026-08-02,14:40,7,汉中
2026-08-02,14:41,7,汉中
2026-08-02,14:42,3,建业
2026-08-02,14:43,5,长安
2026-08-02,14:44,6,许昌
2026-08-02,14:45,5,长安
2026-08-02,14:46,5,长安
2026-08-02,14:47,5,长安
2026-08-02,14:48,6,许昌
2026-08-02,14:49,6,许昌
2026-08-02,14:50,7,汉中
2026-08-02,14:51,6,许昌
2026-08-02,14:52,3,建业
2026-08-02,14:53,5,长安
2026-08-02,14:54,3,建业
2026-08-02,14:55,7,汉中
2026-08-02,14:56,4,荆州
2026-08-02,14:57,7,汉中
2026-08-02,14:58,2,成都
2026-08-02,14:59,7,汉中
2026-08-02,15:00,3,建业
2026-08-02,15:01,6,许昌
2026-08-02,15:02,5,长安
2026-08-02,15:03,5,长安
2026-08-02,15:04,5,长安
2026-08-02,15:05,4,荆州
2026-08-02,15:06,7,汉中
2026-08-02,15:07,6,许昌
2026-08-02,15:08,1,洛阳
2026-08-02,15:09,6,许昌
2026-08-02,15:10,5,长安
2026-08-02,15:11,7,汉中
2026-08-02,15:12,7,汉中
2026-08-02,15:13,5,长安
2026-08-02,15:14,7,汉中
2026-08-02,15:15,6,许昌
2026-08-02,15:16,5,长安
2026-08-02,15:17,1,洛阳
2026-08-02,15:18,7,汉中
2026-08-02,15:19,6,许昌
2026-08-02,15:20,5,长安
2026-08-02,15:21,7,汉中
2026-08-02,15:22,4,荆州
2026-08-02,15:23,7,汉中
2026-08-02,15:24,5,长安
2026-08-02,15:25,6,许昌
2026-08-02,15:26,5,长安
2026-08-02,15:27,6,许昌
2026-08-02,15:28,7,汉中
2026-08-02,15:29,6,许昌
2026-08-02,15:30,7,汉中
2026-08-02,15:31,4,荆州
2026-08-02,15:32,3,建业
2026-08-02,15:33,5,长安
2026-08-02,15:34,5,长安
2026-08-02,15:35,6,许昌
2026-08-02,15:36,5,长安
2026-08-02,15:37,6,许昌
2026-08-02,15:38,1,洛阳
2026-08-02,15:39,5,长安
2026-08-02,15:40,7,汉中
2026-08-02,15:41,6,许昌
2026-08-02,15:42,6,许昌
2026-08-02,15:43,7,汉中
2026-08-02,15:44,3,建业
2026-08-02,15:45,5,长安
2026-08-02,15:46,4,荆州
2026-08-02,15:47,7,汉中
2026-08-02,15:48,4,荆州
2026-08-02,15:49,6,许昌
2026-08-02,15:50,6,许昌
2026-08-02,15:51,5,长安
2026-08-02,15:52,3,建业
2026-08-02,15:53,2,成都
2026-08-02,15:54,3,建业
2026-08-02,15:55,6,许昌
2026-08-02,15:56,5,长安
2026-08-02,15:57,5,长安
2026-08-02,15:58,4,荆州
2026-08-02,15:59,4,荆州
2026-08-02,16:00,5,长安
2026-08-02,16:01,6,许昌
2026-08-02,16:02,4,荆州
2026-08-02,16:03,7,汉中
2026-08-02,16:04,2,成都
2026-08-02,16:05,6,许昌
2026-08-02,16:06,7,汉中
2026-08-02,16:07,2,成都
2026-08-02,16:08,5,长安
2026-08-02,16:09,6,许昌
2026-08-02,16:10,5,长安
2026-08-02,16:11,5,长安
2026-08-02,16:12,5,长安
2026-08-02,16:13,3,建业
2026-08-02,16:14,5,长安
2026-08-02,16:15,4,荆州
2026-08-02,16:16,5,长安
2026-08-02,16:17,7,汉中
2026-08-02,16:18,6,许昌
2026-08-02,16:19,5,长安
2026-08-02,16:20,7,汉中
2026-08-02,16:21,5,长安
2026-08-02,16:22,5,长安
2026-08-02,16:23,5,长安
2026-08-02,16:24,3,建业
2026-08-02,16:25,7,汉中
2026-08-02,16:26,4,荆州
2026-08-02,16:27,7,汉中
2026-08-02,16:28,3,建业
2026-08-02,16:29,6,许昌
2026-08-02,16:30,6,许昌
2026-08-02,16:31,5,长安
2026-08-02,16:32,4,荆州
2026-08-02,16:33,6,许昌
2026-08-02,16:34,3,建业
2026-08-02,16:35,3,建业
2026-08-02,16:36,6,许昌
2026-08-02,16:37,7,汉中
2026-08-02,16:38,5,长安
2026-08-02,16:39,2,成都
2026-08-02,16:40,5,长安
2026-08-02,16:41,4,荆州
2026-08-02,16:42,4,荆州
2026-08-02,16:43,6,许昌
2026-08-02,16:44,3,建业
2026-08-02,16:45,5,长安
2026-08-02,16:46,3,建业
2026-08-02,16:47,7,汉中
2026-08-02,16:48,4,荆州
2026-08-02,16:49,6,许昌
2026-08-02,16:50,4,荆州
2026-08-02,16:51,7,汉中
2026-08-02,16:52,6,许昌
2026-08-02,16:53,7,汉中
2026-08-02,16:54,7,汉中
2026-08-02,16:55,6,许昌
2026-08-02,16:56,7,汉中
2026-08-02,16:57,5,长安
2026-08-02,16:58,2,成都
2026-08-02,16:59,6,许昌
2026-08-02,17:00,6,许昌
2026-08-02,17:01,7,汉中
2026-08-02,17:02,7,汉中
2026-08-02,17:03,7,汉中
2026-08-02,17:04,7,汉中
2026-08-02,17:05,7,汉中
2026-08-02,17:06,6,许昌
2026-08-02,17:07,5,长安
2026-08-02,17:08,7,汉中
2026-08-02,17:09,4,荆州
2026-08-02,17:10,4,荆州
2026-08-02,17:11,7,汉中
2026-08-02,17:12,7,汉中
2026-08-02,17:13,6,许昌
2026-08-02,17:14,3,建业
2026-08-02,17:15,7,汉中
2026-08-02,17:16,5,长安
2026-08-02,17:17,7,汉中
2026-08-02,17:18,6,许昌
2026-08-02,17:19,1,洛阳
2026-08-02,17:20,6,许昌
2026-08-02,17:21,6,许昌
2026-08-02,17:22,5,长安
2026-08-02,17:23,7,汉中
2026-08-02,17:24,6,许昌
2026-08-02,17:25,6,许昌
2026-08-02,17:26,3,建业
2026-08-02,17:27,4,荆州
2026-08-02,17:28,5,长安
2026-08-02,17:29,5,长安
2026-08-02,17:30,7,汉中
2026-08-02,17:31,5,长安
2026-08-02,17:32,4,荆州
2026-08-02,17:33,5,长安
2026-08-02,17:34,5,长安
2026-08-02,17:35,5,长安
2026-08-02,17:36,5,长安
2026-08-02,17:37,3,建业
2026-08-02,17:38,5,长安
2026-08-02,17:39,6,许昌
2026-08-02,17:40,1,洛阳
2026-08-02,17:41,5,长安
2026-08-02,17:42,6,许昌
2026-08-02,17:43,6,许昌
2026-08-02,17:44,6,许昌
2026-08-02,17:45,7,汉中
2026-08-02,17:46,3,建业
2026-08-02,17:47,5,长安
2026-08-02,17:48,1,洛阳
2026-08-02,17:49,3,建业
2026-08-02,17:50,3,建业
2026-08-02,17:51,5,长安
2026-08-02,17:52,5,长安
2026-08-02,17:53,6,许昌
2026-08-02,17:54,6,许昌
2026-08-02,17:55,6,许昌
2026-08-02,17:56,5,长安
2026-08-02,17:57,6,许昌
2026-08-02,17:58,6,许昌
2026-08-02,17:59,7,汉中
2026-08-02,18:00,7,汉中
2026-08-02,18:01,5,长安
2026-08-02,18:02,4,荆州
2026-08-02,18:03,7,汉中
2026-08-02,18:04,3,建业
2026-08-02,18:05,5,长安
2026-08-02,18:06,6,许昌
2026-08-02,18:07,6,许昌
2026-08-02,18:08,6,许昌
2026-08-02,18:09,4,荆州
2026-08-02,18:10,5,长安
2026-08-02,18:11,7,汉中
2026-08-02,18:12,6,许昌
2026-08-02,18:13,2,成都
2026-08-02,18:14,4,荆州
2026-08-02,18:15,6,许昌
2026-08-02,18:16,5,长安
2026-08-02,18:17,6,许昌
2026-08-02,18:18,6,许昌
2026-08-02,18:19,6,许昌
2026-08-02,18:20,4,荆州
2026-08-02,18:21,7,汉中
2026-08-02,18:22,6,许昌
2026-08-02,18:23,7,汉中
2026-08-02,18:24,6,许昌
2026-08-02,18:25,5,长安
2026-08-02,18:26,5,长安
2026-08-02,18:27,6,许昌
2026-08-02,18:28,6,许昌
2026-08-02,18:29,7,汉中
2026-08-02,18:30,7,汉中
2026-08-02,18:31,6,许昌
2026-08-02,18:32,4,荆州
2026-08-02,18:33,5,长安
2026-08-02,18:34,5,长安
2026-08-02,18:35,5,长安
2026-08-02,18:36,4,荆州
2026-08-02,18:37,4,荆州
2026-08-02,18:38,4,荆州
2026-08-02,18:39,5,长安
2026-08-02,18:40,6,许昌
2026-08-02,18:41,7,汉中
2026-08-02,18:42,7,汉中
2026-08-02,18:43,5,长安
2026-08-02,18:44,6,许昌
2026-08-02,18:45,5,长安
2026-08-02,18:46,7,汉中
2026-08-02,18:47,2,成都
2026-08-02,18:48,3,建业
2026-08-02,18:49,7,汉中
2026-08-02,18:50,6,许昌
2026-08-02,18:51,3,建业
2026-08-02,18:52,6,许昌
2026-08-02,18:53,7,汉中
2026-08-02,18:54,5,长安
2026-08-02,18:55,7,汉中
2026-08-02,18:56,3,建业
2026-08-02,18:57,7,汉中
2026-08-02,18:58,4,荆州
2026-08-02,18:59,4,荆州
2026-08-02,19:00,5,长安
2026-08-02,19:01,5,长安
2026-08-02,19:02,6,许昌
2026-08-02,19:03,5,长安
2026-08-02,19:04,1,洛阳
2026-08-02,19:05,7,汉中
2026-08-02,19:06,5,长安
2026-08-02,19:07,7,汉中
2026-08-02,19:08,7,汉中
2026-08-02,19:09,6,许昌
2026-08-02,19:10,5,长安
2026-08-02,19:11,6,许昌
2026-08-02,19:12,5,长安
2026-08-02,19:13,5,长安
2026-08-02,19:14,5,长安
2026-08-02,19:15,5,长安
2026-08-02,19:16,5,长安
2026-08-02,19:17,7,汉中
2026-08-02,19:18,6,许昌
2026-08-02,19:19,7,汉中
2026-08-02,19:20,7,汉中
2026-08-02,19:21,6,许昌
2026-08-02,19:22,7,汉中
2026-08-02,19:23,3,建业
2026-08-02,19:24,5,长安
2026-08-02,19:25,7,汉中
2026-08-02,19:26,4,荆州
2026-08-02,19:27,5,长安
2026-08-02,19:28,1,洛阳
2026-08-02,19:29,6,许昌
2026-08-02,19:30,5,长安
2026-08-02,19:31,7,汉中
2026-08-02,19:32,5,长安
2026-08-02,19:33,5,长安
2026-08-02,19:34,4,荆州
2026-08-02,19:35,5,长安
2026-08-02,19:36,7,汉中
2026-08-02,19:37,7,汉中
2026-08-02,19:38,7,汉中
2026-08-02,19:39,7,汉中
2026-08-02,19:40,4,荆州
2026-08-02,19:41,6,许昌
2026-08-02,19:42,6,许昌
2026-08-02,19:43,7,汉中
2026-08-02,19:44,6,许昌
2026-08-02,19:45,5,长安
2026-08-02,19:46,6,许昌
2026-08-02,19:47,7,汉中
2026-08-02,19:48,5,长安
2026-08-02,19:49,7,汉中
2026-08-02,19:50,5,长安
2026-08-02,19:51,6,许昌
2026-08-02,19:52,5,长安
2026-08-02,19:53,4,荆州
2026-08-02,19:54,6,许昌
2026-08-02,19:55,5,长安
2026-08-02,19:56,7,汉中
2026-08-02,19:57,7,汉中
2026-08-02,19:58,1,洛阳
2026-08-02,19:59,3,建业
2026-08-02,20:00,5,长安
2026-08-02,20:01,5,长安
2026-08-02,20:02,7,汉中
2026-08-02,20:03,2,成都
2026-08-02,20:04,5,长安
2026-08-02,20:05,6,许昌
2026-08-02,20:06,6,许昌
2026-08-02,20:07,7,汉中
2026-08-02,20:08,7,汉中
2026-08-02,20:09,5,长安
2026-08-02,20:10,6,许昌
2026-08-02,20:11,5,长安
2026-08-02,20:12,2,成都
2026-08-02,20:13,7,汉中
2026-08-02,20:14,1,洛阳
2026-08-02,20:15,5,长安
2026-08-02,20:16,2,成都
2026-08-02,20:17,6,许昌
2026-08-02,20:18,5,长安
2026-08-02,20:19,4,荆州
2026-08-02,20:20,6,许昌
2026-08-02,20:21,2,成都
2026-08-02,20:22,2,成都
2026-08-02,20:23,4,荆州
2026-08-02,20:24,5,长安
2026-08-02,20:25,5,长安
2026-08-02,20:26,3,建业
2026-08-02,20:27,4,荆州
2026-08-02,20:28,3,建业
2026-08-02,20:29,5,长安
2026-08-02,20:30,5,长安
2026-08-02,20:31,7,汉中
2026-08-02,20:32,6,许昌
2026-08-02,20:33,7,汉中
2026-08-02,20:34,7,汉中
2026-08-02,20:35,3,建业
2026-08-02,20:36,7,汉中
2026-08-02,20:37,3,建业
2026-08-02,20:38,7,汉中
2026-08-02,20:39,6,许昌
2026-08-02,20:40,7,汉中
2026-08-02,20:41,4,荆州
2026-08-02,20:42,3,建业
2026-08-02,20:43,6,许昌
2026-08-02,20:44,4,荆州
2026-08-02,20:45,6,许昌
2026-08-02,20:46,2,成都
2026-08-02,20:47,6,许昌
2026-08-02,20:48,7,汉中
2026-08-02,20:49,6,许昌
2026-08-02,20:50,7,汉中
2026-08-02,20:51,5,长安
2026-08-02,20:52,4,荆州
2026-08-02,20:53,6,许昌
2026-08-02,20:54,4,荆州
2026-08-02,20:55,2,成都
2026-08-02,20:56,6,许昌
2026-08-02,20:57,6,许昌
2026-08-02,20:58,7,汉中
2026-08-02,20:59,4,荆州
2026-08-02,21:00,7,汉中
2026-08-02,21:01,5,长安
2026-08-02,21:02,6,许昌
2026-08-02,21:03,7,汉中
2026-08-02,21:04,6,许昌
2026-08-02,21:05,5,长安
2026-08-02,21:06,6,许昌
2026-08-02,21:07,4,荆州
2026-08-02,21:08,7,汉中
2026-08-02,21:09,5,长安
2026-08-02,21:10,1,洛阳
2026-08-02,21:11,4,荆州
2026-08-02,21:12,5,长安
2026-08-02,21:13,7,汉中
2026-08-02,21:14,4,荆州
2026-08-02,21:15,5,长安
2026-08-02,21:16,7,汉中
2026-08-02,21:17,1,洛阳
2026-08-02,21:18,6,许昌
2026-08-02,21:19,5,长安
2026-08-02,21:20,2,成都
2026-08-02,21:21,3,建业
2026-08-02,21:22,6,许昌
2026-08-02,21:23,2,成都
2026-08-02,21:24,3,建业
2026-08-02,21:25,3,建业
2026-08-02,21:26,5,长安
2026-08-02,21:27,4,荆州
2026-08-02,21:28,6,许昌
2026-08-02,21:29,5,长安
2026-08-02,21:30,6,许昌
2026-08-02,21:31,6,许昌
2026-08-02,21:32,5,长安
2026-08-02,21:33,3,建业
2026-08-02,21:34,6,许昌
2026-08-02,21:35,5,长安
2026-08-02,21:36,5,长安
2026-08-02,21:37,5,长安
2026-08-02,21:38,5,长安
2026-08-02,21:39,5,长安
2026-08-02,21:40,1,洛阳
2026-08-02,21:41,6,许昌
2026-08-02,21:42,6,许昌
2026-08-02,21:43,5,长安
2026-08-02,21:44,3,建业
2026-08-02,21:45,5,长安
2026-08-02,21:46,6,许昌
2026-08-02,21:47,6,许昌
2026-08-02,21:48,6,许昌
2026-08-02,21:49,7,汉中
2026-08-02,21:50,4,荆州
2026-08-02,21:51,5,长安
2026-08-02,21:52,4,荆州
2026-08-02,21:53,6,许昌
2026-08-02,21:54,6,许昌
2026-08-02,21:55,7,汉中
2026-08-02,21:56,5,长安
2026-08-02,21:57,7,汉中
2026-08-02,21:58,6,许昌
2026-08-02,21:59,5,长安
2026-08-02,22:00,5,长安
2026-08-02,22:01,3,建业
2026-08-02,22:02,6,许昌
2026-08-02,22:03,7,汉中
2026-08-02,22:04,5,长安
2026-08-02,22:05,7,汉中
2026-08-02,22:06,2,成都
2026-08-02,22:07,2,成都
2026-08-02,22:08,5,长安
2026-08-02,22:09,6,许昌
2026-08-02,22:10,7,汉中
2026-08-02,22:11,5,长安
2026-08-02,22:12,6,许昌
2026-08-02,22:13,6,许昌
2026-08-02,22:14,5,长安
2026-08-02,22:15,5,长安
2026-08-02,22:16,6,许昌
2026-08-02,22:17,7,汉中
2026-08-02,22:18,3,建业
2026-08-02,22:19,6,许昌
2026-08-02,22:20,7,汉中
2026-08-02,22:21,4,荆州
2026-08-02,22:22,5,长安
2026-08-02,22:23,5,长安
2026-08-02,22:24,7,汉中
2026-08-02,22:25,6,许昌
2026-08-02,22:26,5,长安
2026-08-02,22:27,5,长安
2026-08-02,22:28,7,汉中
2026-08-02,22:29,4,荆州
2026-08-02,22:30,4,荆州
2026-08-02,22:31,5,长安
2026-08-02,22:32,7,汉中
2026-08-02,22:33,6,许昌
2026-08-02,22:34,6,许昌
2026-08-02,22:35,7,汉中
2026-08-02,22:36,6,许昌
2026-08-02,22:37,5,长安
2026-08-02,22:38,5,长安
2026-08-02,22:39,6,许昌
2026-08-02,22:40,6,许昌
2026-08-02,22:41,3,建业
2026-08-02,22:42,7,汉中
2026-08-02,22:43,4,荆州
2026-08-02,22:44,7,汉中
2026-08-02,22:45,6,许昌
2026-08-02,22:46,5,长安
2026-08-02,22:47,7,汉中
2026-08-02,22:48,5,长安
2026-08-02,22:49,2,成都
2026-08-02,22:50,5,长安
2026-08-02,22:51,6,许昌
2026-08-02,22:52,2,成都
2026-08-02,22:53,4,荆州
2026-08-02,22:54,5,长安
2026-08-02,22:55,5,长安
2026-08-02,22:56,7,汉中
2026-08-02,22:57,7,汉中
2026-08-02,22:58,7,汉中
2026-08-02,22:59,5,长安
2026-08-02,23:00,5,长安
2026-08-02,23:01,7,汉中
2026-08-02,23:02,4,荆州
2026-08-02,23:03,6,许昌
2026-08-02,23:04,5,长安
2026-08-02,23:05,4,荆州
2026-08-02,23:06,5,长安
2026-08-02,23:07,2,成都
2026-08-02,23:08,7,汉中
2026-08-02,23:09,4,荆州
2026-08-02,23:10,5,长安
2026-08-02,23:11,7,汉中
2026-08-02,23:12,6,许昌
2026-08-02,23:13,6,许昌
2026-08-02,23:14,5,长安
2026-08-02,23:15,7,汉中
2026-08-02,23:16,5,长安
2026-08-02,23:17,3,建业
2026-08-02,23:18,5,长安
2026-08-02,23:19,5,长安
2026-08-02,23:20,4,荆州
2026-08-02,23:21,1,洛阳
2026-08-02,23:22,5,长安
2026-08-02,23:23,5,长安
2026-08-02,23:24,7,汉中
2026-08-02,23:25,7,汉中
2026-08-02,23:26,3,建业
2026-08-02,23:27,2,成都
2026-08-02,23:28,6,许昌
2026-08-02,23:29,5,长安
2026-08-02,23:30,4,荆州
2026-08-02,23:31,7,汉中
2026-08-02,23:32,7,汉中
2026-08-02,23:33,7,汉中
2026-08-02,23:34,7,汉中
2026-08-02,23:35,7,汉中
2026-08-02,23:36,6,许昌
2026-08-02,23:37,7,汉中
2026-08-02,23:38,3,建业
2026-08-02,23:39,2,成都
2026-08-02,23:40,3,建业
2026-08-02,23:41,7,汉中
2026-08-02,23:42,7,汉中
2026-08-02,23:43,5,长安
2026-08-02,23:44,7,汉中
2026-08-02,23:45,4,荆州
2026-08-02,23:46,2,成都
2026-08-02,23:47,6,许昌
2026-08-02,23:48,3,建业
2026-08-02,23:49,6,许昌
2026-08-02,23:50,5,长安
2026-08-02,23:51,6,许昌
2026-08-02,23:52,7,汉中
2026-08-02,23:53,1,洛阳
2026-08-02,23:54,6,许昌
2026-08-02,23:55,4,荆州
2026-08-02,23:56,5,长安
2026-08-02,23:57,3,建业
2026-08-02,23:58,3,建业
2026-08-02,23:59,6,许昌
2026-08-03,00:00,1,洛阳
2026-08-03,00:01,6,许昌
2026-08-03,00:02,5,长安
2026-08-03,00:03,2,成都
2026-08-03,00:04,4,荆州
2026-08-03,00:05,3,建业
2026-08-03,00:06,5,长安
2026-08-03,00:07,3,建业
2026-08-03,00:08,4,荆州
2026-08-03,00:09,5,长安
2026-08-03,00:10,4,荆州
2026-08-03,00:11,5,长安
2026-08-03,00:12,7,汉中
2026-08-03,00:13,7,汉中
2026-08-03,00:14,7,汉中
2026-08-03,00:15,6,许昌
2026-08-03,00:16,5,长安
2026-08-03,00:17,7,汉中
2026-08-03,00:18,4,荆州
2026-08-03,00:19,7,汉中
2026-08-03,00:20,6,许昌
2026-08-03,00:21,5,长安
2026-08-03,00:22,7,汉中
2026-08-03,00:23,7,汉中
2026-08-03,00:24,6,许昌
2026-08-03,00:25,4,荆州
2026-08-03,00:26,7,汉中
2026-08-03,00:27,7,汉中
2026-08-03,00:28,5,长安
2026-08-03,00:29,4,荆州
2026-08-03,00:30,2,成都
2026-08-03,00:31,7,汉中
2026-08-03,00:32,5,长安
2026-08-03,00:33,2,成都
2026-08-03,00:34,3,建业
2026-08-03,00:35,4,荆州
2026-08-03,00:36,5,长安
2026-08-03,00:37,5,长安
2026-08-03,00:38,5,长安
2026-08-03,00:39,6,许昌
2026-08-03,00:40,4,荆州
2026-08-03,00:41,6,许昌
2026-08-03,00:42,5,长安
2026-08-03,00:43,5,长安
2026-08-03,00:44,7,汉中
2026-08-03,00:45,7,汉中
2026-08-03,00:46,6,许昌
2026-08-03,00:47,7,汉中
2026-08-03,00:48,6,许昌
2026-08-03,00:49,4,荆州
2026-08-03,00:50,6,许昌
2026-08-03,00:51,4,荆州
2026-08-03,00:52,4,荆州
2026-08-03,00:53,7,汉中
2026-08-03,00:54,3,建业
2026-08-03,00:55,2,成都
2026-08-03,00:56,6,许昌
2026-08-03,00:57,3,建业
2026-08-03,00:58,7,汉中
2026-08-03,00:59,7,汉中
2026-08-03,01:00,5,长安
2026-08-03,01:01,7,汉中
2026-08-03,01:02,7,汉中
2026-08-03,01:03,5,长安
2026-08-03,01:04,3,建业
2026-08-03,01:05,4,荆州
2026-08-03,01:06,6,许昌
2026-08-03,01:07,6,许昌
2026-08-03,01:08,6,许昌
2026-08-03,01:09,4,荆州
2026-08-03,01:10,5,长安
2026-08-03,01:11,5,长安
2026-08-03,01:12,5,长安
2026-08-03,01:13,3,建业
2026-08-03,01:14,4,荆州
2026-08-03,01:15,2,成都
2026-08-03,01:16,7,汉中
2026-08-03,01:17,3,建业
2026-08-03,01:18,4,荆州
2026-08-03,01:19,4,荆州
2026-08-03,01:20,7,汉中
2026-08-03,01:21,7,汉中
2026-08-03,01:22,4,荆州
2026-08-03,01:23,6,许昌
2026-08-03,01:24,1,洛阳
2026-08-03,01:25,5,长安
2026-08-03,01:26,6,许昌
2026-08-03,01:27,5,长安
2026-08-03,01:28,6,许昌
2026-08-03,01:29,4,荆州
2026-08-03,01:30,5,长安
2026-08-03,01:31,5,长安
2026-08-03,01:32,6,许昌
2026-08-03,01:33,4,荆州
2026-08-03,01:34,6,许昌
2026-08-03,01:35,3,建业
2026-08-03,01:36,4,荆州
2026-08-03,01:37,5,长安
2026-08-03,01:38,7,汉中
2026-08-03,01:39,5,长安
2026-08-03,01:40,7,汉中
2026-08-03,01:41,7,汉中
2026-08-03,01:42,6,许昌
2026-08-03,01:43,7,汉中
2026-08-03,01:44,6,许昌
2026-08-03,01:45,5,长安
2026-08-03,01:46,5,长安
2026-08-03,01:47,5,长安
2026-08-03,01:48,6,许昌
2026-08-03,01:49,6,许昌
2026-08-03,01:50,4,荆州
2026-08-03,01:51,5,长安
2026-08-03,01:52,4,荆州
2026-08-03,01:53,6,许昌
2026-08-03,01:54,2,成都
2026-08-03,01:55,6,许昌
2026-08-03,01:56,6,许昌
2026-08-03,01:57,7,汉中
2026-08-03,01:58,7,汉中
2026-08-03,01:59,7,汉中
2026-08-03,02:00,6,许昌
2026-08-03,02:01,5,长安
2026-08-03,02:02,6,许昌
2026-08-03,02:03,6,许昌
2026-08-03,02:04,7,汉中
2026-08-03,02:05,7,汉中
2026-08-03,02:06,7,汉中
2026-08-03,02:07,5,长安
2026-08-03,02:08,7,汉中
2026-08-03,02:09,1,洛阳
2026-08-03,02:10,7,汉中
2026-08-03,02:11,6,许昌
2026-08-03,02:12,7,汉中
2026-08-03,02:13,7,汉中
2026-08-03,02:14,5,长安
2026-08-03,02:15,6,许昌
2026-08-03,02:16,7,汉中
2026-08-03,02:17,7,汉中
2026-08-03,02:18,7,汉中
2026-08-03,02:19,1,洛阳
2026-08-03,02:20,4,荆州
2026-08-03,02:21,4,荆州
2026-08-03,02:22,7,汉中
2026-08-03,02:23,4,荆州
2026-08-03,02:24,7,汉中
2026-08-03,02:25,7,汉中
2026-08-03,02:26,5,长安
2026-08-03,02:27,5,长安
2026-08-03,02:28,6,许昌
2026-08-03,02:29,5,长安
2026-08-03,02:30,2,成都
2026-08-03,02:31,6,许昌
2026-08-03,02:32,3,建业
2026-08-03,02:33,7,汉中
2026-08-03,02:34,7,汉中
2026-08-03,02:35,7,汉中
2026-08-03,02:36,7,汉中
2026-08-03,02:37,3,建业
2026-08-03,02:38,5,长安
2026-08-03,02:39,5,长安
2026-08-03,02:40,5,长安
2026-08-03,02:41,6,许昌
2026-08-03,02:42,7,汉中
2026-08-03,02:43,5,长安
2026-08-03,02:44,6,许昌
2026-08-03,02:45,2,成都
2026-08-03,02:46,5,长安
2026-08-03,02:47,6,许昌
2026-08-03,02:48,7,汉中
2026-08-03,02:49,6,许昌
2026-08-03,02:50,5,长安
2026-08-03,02:51,7,汉中
2026-08-03,02:52,5,长安
2026-08-03,02:53,7,汉中
2026-08-03,02:54,5,长安
2026-08-03,02:55,3,建业
2026-08-03,02:56,6,许昌
2026-08-03,02:57,4,荆州
2026-08-03,02:58,2,成都
2026-08-03,02:59,6,许昌
2026-08-03,03:00,5,长安
2026-08-03,03:01,4,荆州
2026-08-03,03:02,6,许昌
2026-08-03,03:03,6,许昌
2026-08-03,03:04,7,汉中
2026-08-03,03:05,7,汉中
2026-08-03,03:06,6,许昌
2026-08-03,03:07,3,建业
2026-08-03,03:08,3,建业
2026-08-03,03:09,7,汉中
2026-08-03,03:10,6,许昌
2026-08-03,03:11,2,成都
2026-08-03,03:12,2,成都
2026-08-03,03:13,7,汉中
2026-08-03,03:14,7,汉中
2026-08-03,03:15,7,汉中
2026-08-03,03:16,7,汉中
2026-08-03,03:17,2,成都
2026-08-03,03:18,7,汉中
2026-08-03,03:19,1,洛阳
2026-08-03,03:20,7,汉中
2026-08-03,03:21,7,汉中
2026-08-03,03:22,6,许昌
2026-08-03,03:23,4,荆州
2026-08-03,03:24,6,许昌
2026-08-03,03:25,3,建业
2026-08-03,03:26,1,洛阳
2026-08-03,03:27,6,许昌
2026-08-03,03:28,5,长安
2026-08-03,03:29,7,汉中
2026-08-03,03:30,6,许昌
2026-08-03,03:31,3,建业
2026-08-03,03:32,7,汉中
2026-08-03,03:33,5,长安
2026-08-03,03:34,4,荆州
2026-08-03,03:35,6,许昌
2026-08-03,03:36,5,长安
2026-08-03,03:37,7,汉中
2026-08-03,03:38,7,汉中
2026-08-03,03:39,1,洛阳
2026-08-03,03:40,7,汉中
2026-08-03,03:41,5,长安
2026-08-03,03:42,7,汉中
2026-08-03,03:43,6,许昌
2026-08-03,03:44,4,荆州
2026-08-03,03:45,5,长安
2026-08-03,03:46,7,汉中
2026-08-03,03:47,7,汉中
2026-08-03,03:48,6,许昌
2026-08-03,03:49,7,汉中
2026-08-03,03:50,6,许昌
2026-08-03,03:51,5,长安
2026-08-03,03:52,6,许昌
2026-08-03,03:53,5,长安
2026-08-03,03:54,7,汉中
2026-08-03,03:55,5,长安
2026-08-03,03:56,5,长安
2026-08-03,03:57,7,汉中
2026-08-03,03:58,6,许昌
2026-08-03,03:59,4,荆州
2026-08-03,04:00,5,长安
2026-08-03,04:01,3,建业
2026-08-03,04:02,6,许昌
2026-08-03,04:03,6,许昌
2026-08-03,04:04,7,汉中
2026-08-03,04:05,4,荆州
2026-08-03,04:06,7,汉中
2026-08-03,04:07,7,汉中
2026-08-03,04:08,3,建业
2026-08-03,04:09,7,汉中
2026-08-03,04:10,6,许昌
2026-08-03,04:11,6,许昌
2026-08-03,04:12,5,长安
2026-08-03,04:13,5,长安
2026-08-03,04:14,6,许昌
2026-08-03,04:15,5,长安
2026-08-03,04:16,7,汉中
2026-08-03,04:17,2,成都
2026-08-03,04:18,6,许昌
2026-08-03,04:19,5,长安
2026-08-03,04:20,7,汉中
2026-08-03,04:21,6,许昌
2026-08-03,04:22,3,建业
2026-08-03,04:23,7,汉中
2026-08-03,04:24,6,许昌
2026-08-03,04:25,5,长安
2026-08-03,04:26,6,许昌
2026-08-03,04:27,6,许昌
2026-08-03,04:28,5,长安
2026-08-03,04:29,6,许昌
2026-08-03,04:30,5,长安
2026-08-03,04:31,5,长安
2026-08-03,04:32,6,许昌
2026-08-03,04:33,3,建业
2026-08-03,04:34,7,汉中
2026-08-03,04:35,7,汉中
2026-08-03,04:36,7,汉中
2026-08-03,04:37,5,长安
2026-08-03,04:38,5,长安
2026-08-03,04:39,2,成都
2026-08-03,04:40,5,长安
2026-08-03,04:41,5,长安
2026-08-03,04:42,5,长安
2026-08-03,04:43,5,长安
2026-08-03,04:44,7,汉中
2026-08-03,04:45,6,许昌
2026-08-03,04:46,5,长安
2026-08-03,04:47,5,长安
2026-08-03,04:48,5,长安
2026-08-03,04:49,7,汉中
2026-08-03,04:50,7,汉中
2026-08-03,04:51,1,洛阳
2026-08-03,04:52,5,长安
2026-08-03,04:53,7,汉中
2026-08-03,04:54,4,荆州
2026-08-03,04:55,4,荆州
2026-08-03,04:56,6,许昌
2026-08-03,04:57,7,汉中
2026-08-03,04:58,5,长安
2026-08-03,04:59,5,长安
2026-08-03,05:00,5,长安
2026-08-03,05:01,6,许昌
2026-08-03,05:02,2,成都
2026-08-03,05:03,5,长安
2026-08-03,05:04,4,荆州
2026-08-03,05:05,6,许昌
2026-08-03,05:06,7,汉中
2026-08-03,05:07,2,成都
2026-08-03,05:08,6,许昌
2026-08-03,05:09,5,长安
2026-08-03,05:10,1,洛阳
2026-08-03,05:11,5,长安
2026-08-03,05:12,6,许昌
2026-08-03,05:13,6,许昌
2026-08-03,05:14,6,许昌
2026-08-03,05:15,3,建业
2026-08-03,05:16,6,许昌
2026-08-03,05:17,5,长安
2026-08-03,05:18,3,建业
2026-08-03,05:19,5,长安
2026-08-03,05:20,4,荆州
2026-08-03,05:21,6,许昌
2026-08-03,05:22,1,洛阳
2026-08-03,05:23,5,长安
2026-08-03,05:24,5,长安
2026-08-03,05:25,6,许昌
2026-08-03,05:26,7,汉中
2026-08-03,05:27,1,洛阳
2026-08-03,05:28,7,汉中
2026-08-03,05:29,2,成都
2026-08-03,05:30,6,许昌
2026-08-03,05:31,5,长安
2026-08-03,05:32,6,许昌
2026-08-03,05:33,6,许昌
2026-08-03,05:34,6,许昌
2026-08-03,05:35,7,汉中
2026-08-03,05:36,7,汉中
2026-08-03,05:37,7,汉中
2026-08-03,05:38,3,建业
2026-08-03,05:39,6,许昌
2026-08-03,05:40,6,许昌
2026-08-03,05:41,6,许昌
2026-08-03,05:42,6,许昌
2026-08-03,05:43,7,汉中
2026-08-03,05:44,3,建业
2026-08-03,05:45,5,长安
2026-08-03,05:46,6,许昌
2026-08-03,05:47,6,许昌
2026-08-03,05:48,7,汉中
2026-08-03,05:49,5,长安
2026-08-03,05:50,3,建业
2026-08-03,05:51,3,建业
2026-08-03,05:52,7,汉中
2026-08-03,05:53,6,许昌
2026-08-03,05:54,6,许昌
2026-08-03,05:55,7,汉中
2026-08-03,05:56,6,许昌
2026-08-03,05:57,6,许昌
2026-08-03,05:58,5,长安
2026-08-03,05:59,5,长安
2026-08-03,06:00,5,长安
2026-08-03,06:01,7,汉中
2026-08-03,06:02,6,许昌
2026-08-03,06:03,6,许昌
2026-08-03,06:04,6,许昌
2026-08-03,06:05,5,长安
2026-08-03,06:06,5,长安
2026-08-03,06:07,7,汉中
2026-08-03,06:08,5,长安
2026-08-03,06:09,5,长安
2026-08-03,06:10,7,汉中
2026-08-03,06:11,3,建业
2026-08-03,06:12,7,汉中
2026-08-03,06:13,4,荆州
2026-08-03,06:14,6,许昌
2026-08-03,06:15,6,许昌
2026-08-03,06:16,6,许昌
2026-08-03,06:17,6,许昌
2026-08-03,06:18,6,许昌
2026-08-03,06:19,5,长安
2026-08-03,06:20,6,许昌
2026-08-03,06:21,5,长安
2026-08-03,06:22,4,荆州
2026-08-03,06:23,7,汉中
2026-08-03,06:24,7,汉中
2026-08-03,06:25,5,长安
2026-08-03,06:26,3,建业
2026-08-03,06:27,5,长安
2026-08-03,06:28,6,许昌
2026-08-03,06:29,6,许昌
2026-08-03,06:30,6,许昌
2026-08-03,06:31,6,许昌
2026-08-03,06:32,5,长安
2026-08-03,06:33,6,许昌
2026-08-03,06:34,6,许昌
2026-08-03,06:35,6,许昌
2026-08-03,06:36,1,洛阳
2026-08-03,06:37,6,许昌
2026-08-03,06:38,5,长安
2026-08-03,06:39,6,许昌
2026-08-03,06:40,5,长安
2026-08-03,06:41,4,荆州
2026-08-03,06:42,7,汉中
2026-08-03,06:43,5,长安
2026-08-03,06:44,4,荆州
2026-08-03,06:45,5,长安
2026-08-03,06:46,7,汉中
2026-08-03,06:47,6,许昌
2026-08-03,06:48,2,成都
2026-08-03,06:49,7,汉中
2026-08-03,06:50,6,许昌
2026-08-03,06:51,5,长安
2026-08-03,06:52,4,荆州
2026-08-03,06:53,5,长安
2026-08-03,06:54,5,长安
2026-08-03,06:55,6,许昌
2026-08-03,06:56,7,汉中
2026-08-03,06:57,7,汉中
2026-08-03,06:58,7,汉中
2026-08-03,06:59,6,许昌
2026-08-03,07:00,2,成都
2026-08-03,07:01,3,建业
2026-08-03,07:02,5,长安
2026-08-03,07:03,6,许昌
2026-08-03,07:04,5,长安
2026-08-03,07:05,7,汉中
2026-08-03,07:06,5,长安
2026-08-03,07:07,5,长安
2026-08-03,07:08,7,汉中
2026-08-03,07:09,7,汉中
2026-08-03,07:10,7,汉中
2026-08-03,07:11,5,长安
2026-08-03,07:12,7,汉中
2026-08-03,07:13,6,许昌
2026-08-03,07:14,5,长安
2026-08-03,07:15,5,长安
2026-08-03,07:16,6,许昌
2026-08-03,07:17,6,许昌
2026-08-03,07:18,5,长安
2026-08-03,07:19,2,成都
2026-08-03,07:20,5,长安
2026-08-03,07:21,6,许昌
2026-08-03,07:22,6,许昌
2026-08-03,07:23,7,汉中
2026-08-03,07:24,6,许昌
2026-08-03,07:25,6,许昌
2026-08-03,07:26,7,汉中
2026-08-03,07:27,6,许昌
2026-08-03,07:28,4,荆州
2026-08-03,07:29,7,汉中
2026-08-03,07:30,7,汉中
2026-08-03,07:31,1,洛阳
2026-08-03,07:32,7,汉中
2026-08-03,07:33,7,汉中
2026-08-03,07:34,5,长安
2026-08-03,07:35,6,许昌
2026-08-03,07:36,6,许昌
2026-08-03,07:37,7,汉中
2026-08-03,07:38,2,成都
2026-08-03,07:39,5,长安
2026-08-03,07:40,5,长安
2026-08-03,07:41,7,汉中
2026-08-03,07:42,6,许昌
2026-08-03,07:43,4,荆州
2026-08-03,07:44,6,许昌
2026-08-03,07:45,3,建业
2026-08-03,07:46,5,长安
2026-08-03,07:47,5,长安
2026-08-03,07:48,7,汉中
2026-08-03,07:49,1,洛阳
2026-08-03,07:50,6,许昌
2026-08-03,07:51,7,汉中
2026-08-03,07:52,5,长安
2026-08-03,07:53,6,许昌
2026-08-03,07:54,6,许昌
2026-08-03,07:55,7,汉中
2026-08-03,07:56,5,长安
2026-08-03,07:57,6,许昌
2026-08-03,07:58,7,汉中
2026-08-03,07:59,5,长安
2026-08-03,08:00,4,荆州
2026-08-03,08:01,7,汉中
2026-08-03,08:02,5,长安
2026-08-03,08:03,5,长安
2026-08-03,08:04,7,汉中
2026-08-03,08:05,4,荆州
2026-08-03,08:06,7,汉中
2026-08-03,08:07,5,长安
2026-08-03,08:08,3,建业
2026-08-03,08:09,2,成都
2026-08-03,08:10,6,许昌
2026-08-03,08:11,7,汉中
2026-08-03,08:12,7,汉中
2026-08-03,08:13,5,长安
2026-08-03,08:14,6,许昌
2026-08-03,08:15,5,长安
2026-08-03,08:16,7,汉中
2026-08-03,08:17,6,许昌
2026-08-03,08:18,5,长安
2026-08-03,08:19,7,汉中
2026-08-03,08:20,7,汉中
2026-08-03,08:21,7,汉中
2026-08-03,08:22,7,汉中
2026-08-03,08:23,4,荆州
2026-08-03,08:24,6,许昌
2026-08-03,08:25,4,荆州
2026-08-03,08:26,6,许昌
2026-08-03,08:27,6,许昌
2026-08-03,08:28,4,荆州
2026-08-03,08:29,4,荆州
2026-08-03,08:30,7,汉中
2026-08-03,08:31,7,汉中
2026-08-03,08:32,5,长安
2026-08-03,08:33,5,长安
2026-08-03,08:34,5,长安
2026-08-03,08:35,7,汉中
2026-08-03,08:36,5,长安
2026-08-03,08:37,5,长安
2026-08-03,08:38,6,许昌
2026-08-03,08:39,5,长安
2026-08-03,08:40,4,荆州
2026-08-03,08:41,7,汉中
2026-08-03,08:42,7,汉中
2026-08-03,08:43,4,荆州
2026-08-03,08:44,5,长安
2026-08-03,08:45,4,荆州
2026-08-03,08:46,7,汉中
2026-08-03,08:47,6,许昌
2026-08-03,08:48,6,许昌
2026-08-03,08:49,7,汉中
2026-08-03,08:50,4,荆州
2026-08-03,08:51,4,荆州
2026-08-03,08:52,6,许昌
2026-08-03,08:53,2,成都
2026-08-03,08:54,6,许昌
2026-08-03,08:55,7,汉中
2026-08-03,08:56,7,汉中
2026-08-03,08:57,7,汉中
2026-08-03,08:58,5,长安
2026-08-03,08:59,7,汉中
2026-08-03,09:00,2,成都
2026-08-03,09:01,2,成都
2026-08-03,09:02,7,汉中
2026-08-03,09:03,2,成都
2026-08-03,09:04,6,许昌
2026-08-03,09:05,6,许昌
2026-08-03,09:06,3,建业
2026-08-03,09:07,3,建业
2026-08-03,09:08,2,成都
2026-08-03,09:09,7,汉中
2026-08-03,09:10,6,许昌
2026-08-03,09:11,2,成都
2026-08-03,09:12,7,汉中
2026-08-03,09:13,6,许昌
2026-08-03,09:14,3,建业
2026-08-03,09:15,6,许昌
2026-08-03,09:16,5,长安
2026-08-03,09:17,5,长安
2026-08-03,09:18,2,成都
2026-08-03,09:19,4,荆州
2026-08-03,09:20,7,汉中
2026-08-03,09:21,3,建业
2026-08-03,09:22,5,长安
2026-08-03,09:23,6,许昌
2026-08-03,09:24,6,许昌
2026-08-03,09:25,6,许昌
2026-08-03,09:26,4,荆州
2026-08-03,09:27,5,长安
2026-08-03,09:28,2,成都
2026-08-03,09:29,7,汉中
2026-08-03,09:30,6,许昌
2026-08-03,09:31,6,许昌
2026-08-03,09:32,6,许昌
2026-08-03,09:33,5,长安
2026-08-03,09:34,6,许昌
2026-08-03,09:35,4,荆州
2026-08-03,09:36,6,许昌
2026-08-03,09:37,6,许昌
2026-08-03,09:38,3,建业
2026-08-03,09:39,7,汉中
2026-08-03,09:40,4,荆州
2026-08-03,09:41,6,许昌
2026-08-03,09:42,6,许昌
2026-08-03,09:43,5,长安
2026-08-03,09:44,2,成都
2026-08-03,09:45,4,荆州
2026-08-03,09:46,5,长安
2026-08-03,09:47,7,汉中
2026-08-03,09:48,3,建业
2026-08-03,09:49,3,建业
2026-08-03,09:50,5,长安
2026-08-03,09:51,4,荆州
2026-08-03,09:52,6,许昌
2026-08-03,09:53,3,建业
2026-08-03,09:54,5,长安
2026-08-03,09:55,5,长安
2026-08-03,09:56,7,汉中
2026-08-03,09:57,5,长安
2026-08-03,09:58,7,汉中
2026-08-03,09:59,4,荆州
2026-08-03,10:00,5,长安
2026-08-03,10:01,1,洛阳
2026-08-03,10:02,4,荆州
2026-08-03,10:03,2,成都
2026-08-03,10:04,6,许昌
2026-08-03,10:05,6,许昌
2026-08-03,10:06,7,汉中
2026-08-03,10:07,7,汉中
2026-08-03,10:08,5,长安
2026-08-03,10:09,4,荆州
2026-08-03,10:10,7,汉中
2026-08-03,10:11,5,长安
2026-08-03,10:12,7,汉中
2026-08-03,10:13,6,许昌
2026-08-03,10:14,5,长安
2026-08-03,10:15,7,汉中
2026-08-03,10:16,5,长安
2026-08-03,10:17,3,建业
2026-08-03,10:18,4,荆州
2026-08-03,10:19,6,许昌
2026-08-03,10:20,7,汉中
2026-08-03,10:21,6,许昌
2026-08-03,10:22,5,长安
2026-08-03,10:23,4,荆州
2026-08-03,10:24,3,建业
2026-08-03,10:25,2,成都
2026-08-03,10:26,6,许昌
2026-08-03,10:27,7,汉中
2026-08-03,10:28,6,许昌
2026-08-03,10:29,5,长安
2026-08-03,10:30,7,汉中
2026-08-03,10:31,1,洛阳
2026-08-03,10:32,7,汉中
2026-08-03,10:33,5,长安
2026-08-03,10:34,7,汉中
2026-08-03,10:35,2,成都
2026-08-03,10:36,6,许昌
2026-08-03,10:37,5,长安
2026-08-03,10:38,7,汉中
2026-08-03,10:39,5,长安
2026-08-03,10:40,4,荆州
2026-08-03,10:41,5,长安
2026-08-03,10:42,5,长安
2026-08-03,10:43,4,荆州
2026-08-03,10:44,6,许昌
2026-08-03,10:45,5,长安
2026-08-03,10:46,7,汉中
2026-08-03,10:47,2,成都
2026-08-03,10:48,6,许昌
2026-08-03,10:49,6,许昌
2026-08-03,10:50,7,汉中
2026-08-03,10:51,7,汉中
2026-08-03,10:52,5,长安
2026-08-03,10:53,1,洛阳
2026-08-03,10:54,7,汉中
2026-08-03,10:55,6,许昌
2026-08-03,10:56,5,长安
2026-08-03,10:57,3,建业
2026-08-03,10:58,6,许昌
2026-08-03,10:59,6,许昌
2026-08-03,11:00,7,汉中
2026-08-03,11:01,3,建业
2026-08-03,11:02,7,汉中
2026-08-03,11:03,7,汉中
2026-08-03,11:04,6,许昌
2026-08-03,11:05,5,长安
2026-08-03,11:06,5,长安
2026-08-03,11:07,6,许昌
2026-08-03,11:08,6,许昌
2026-08-03,11:09,5,长安
2026-08-03,11:10,5,长安
2026-08-03,11:11,5,长安
2026-08-03,11:12,6,许昌
2026-08-03,11:13,2,成都
2026-08-03,11:14,6,许昌
2026-08-03,11:15,6,许昌
2026-08-03,11:16,3,建业
2026-08-03,11:17,5,长安
2026-08-03,11:18,4,荆州
2026-08-03,11:19,3,建业
2026-08-03,11:20,4,荆州
2026-08-03,11:21,5,长安
2026-08-03,11:22,1,洛阳
2026-08-03,11:23,4,荆州
2026-08-03,11:24,2,成都
2026-08-03,11:25,7,汉中
2026-08-03,11:26,6,许昌
2026-08-03,11:27,4,荆州
2026-08-03,11:28,5,长安
2026-08-03,11:29,5,长安
2026-08-03,11:30,6,许昌
2026-08-03,11:31,6,许昌
2026-08-03,11:32,5,长安
2026-08-03,11:33,4,荆州
2026-08-03,11:34,7,汉中
2026-08-03,11:35,5,长安
2026-08-03,11:36,5,长安
2026-08-03,11:37,5,长安
2026-08-03,11:38,5,长安
2026-08-03,11:39,7,汉中
2026-08-03,11:40,7,汉中
2026-08-03,11:41,6,许昌
2026-08-03,11:42,7,汉中
2026-08-03,11:43,5,长安
2026-08-03,11:44,2,成都
2026-08-03,11:45,5,长安
2026-08-03,11:46,1,洛阳
2026-08-03,11:47,1,洛阳
2026-08-03,11:48,6,许昌
2026-08-03,11:49,5,长安
2026-08-03,11:50,5,长安
2026-08-03,11:51,7,汉中
2026-08-03,11:52,2,成都
2026-08-03,11:53,7,汉中
2026-08-03,11:54,6,许昌
2026-08-03,11:55,3,建业
2026-08-03,11:56,4,荆州
2026-08-03,11:57,4,荆州
2026-08-03,11:58,2,成都
2026-08-03,11:59,4,荆州
2026-08-03,12:00,2,成都
2026-08-03,12:01,5,长安
2026-08-03,12:02,6,许昌
2026-08-03,12:03,6,许昌
2026-08-03,12:04,5,长安
2026-08-03,12:05,5,长安
2026-08-03,12:06,5,长安
2026-08-03,12:07,1,洛阳
2026-08-03,12:08,7,汉中
2026-08-03,12:09,3,建业
2026-08-03,12:10,2,成都
2026-08-03,12:11,5,长安
2026-08-03,12:12,7,汉中
2026-08-03,12:13,6,许昌
2026-08-03,12:14,4,荆州
2026-08-03,12:15,5,长安
2026-08-03,12:16,3,建业
2026-08-03,12:17,5,长安
2026-08-03,12:18,5,长安
2026-08-03,12:19,5,长安
2026-08-03,12:20,7,汉中
2026-08-03,12:21,6,许昌
2026-08-03,12:22,7,汉中
2026-08-03,12:23,7,汉中
2026-08-03,12:24,5,长安
2026-08-03,12:25,5,长安
2026-08-03,12:26,6,许昌
2026-08-03,12:27,7,汉中
2026-08-03,12:28,5,长安
2026-08-03,12:29,6,许昌
2026-08-03,12:30,2,成都
2026-08-03,12:31,7,汉中
2026-08-03,12:32,7,汉中
2026-08-03,12:33,7,汉中
2026-08-03,12:34,7,汉中
2026-08-03,12:35,5,长安
2026-08-03,12:36,6,许昌
2026-08-03,12:37,6,许昌
2026-08-03,12:38,7,汉中
2026-08-03,12:39,4,荆州
2026-08-03,12:40,4,荆州
2026-08-03,12:41,3,建业
2026-08-03,12:42,6,许昌
2026-08-03,12:43,6,许昌
2026-08-03,12:44,7,汉中
2026-08-03,12:45,6,许昌
2026-08-03,12:46,7,汉中
2026-08-03,12:47,7,汉中
2026-08-03,12:48,5,长安
2026-08-03,12:49,5,长安
2026-08-03,12:50,7,汉中
2026-08-03,12:51,6,许昌
2026-08-03,12:52,6,许昌
2026-08-03,12:53,7,汉中
2026-08-03,12:54,5,长安
2026-08-03,12:55,5,长安
2026-08-03,12:56,7,汉中
2026-08-03,12:57,6,许昌
2026-08-03,12:58,5,长安
2026-08-03,12:59,5,长安
2026-08-03,13:00,3,建业
2026-08-03,13:01,7,汉中
2026-08-03,13:02,5,长安
2026-08-03,13:03,6,许昌
2026-08-03,13:04,3,建业
2026-08-03,13:05,7,汉中
2026-08-03,13:06,3,建业
2026-08-03,13:07,2,成都
2026-08-03,13:08,5,长安
2026-08-03,13:09,5,长安
2026-08-03,13:10,5,长安
2026-08-03,13:11,5,长安
2026-08-03,13:12,7,汉中
2026-08-03,13:13,4,荆州
2026-08-03,13:14,5,长安
2026-08-03,13:15,7,汉中
2026-08-03,13:16,5,长安
2026-08-03,13:17,6,许昌
2026-08-03,13:18,6,许昌
2026-08-03,13:19,5,长安
2026-08-03,13:20,7,汉中
2026-08-03,13:21,7,汉中
2026-08-03,13:22,5,长安
2026-08-03,13:23,6,许昌
2026-08-03,13:24,7,汉中
2026-08-03,13:25,7,汉中
2026-08-03,13:26,5,长安
2026-08-03,13:27,6,许昌
2026-08-03,13:28,5,长安
2026-08-03,13:29,7,汉中
2026-08-03,13:30,2,成都
2026-08-03,13:31,2,成都
2026-08-03,13:32,2,成都
2026-08-03,13:33,7,汉中
2026-08-03,13:34,6,许昌
2026-08-03,13:35,7,汉中
2026-08-03,13:36,7,汉中
2026-08-03,13:37,5,长安
2026-08-03,13:38,7,汉中
2026-08-03,13:39,7,汉中
2026-08-03,13:40,7,汉中
2026-08-03,13:41,5,长安
2026-08-03,13:42,3,建业
2026-08-03,13:43,5,长安
2026-08-03,13:44,6,许昌
2026-08-03,13:45,6,许昌
2026-08-03,13:46,7,汉中
2026-08-03,13:47,7,汉中
2026-08-03,13:48,4,荆州
2026-08-03,13:49,5,长安
2026-08-03,13:50,7,汉中
2026-08-03,13:51,7,汉中
2026-08-03,13:52,6,许昌
2026-08-03,13:53,3,建业
2026-08-03,13:54,3,建业
2026-08-03,13:55,7,汉中
2026-08-03,13:56,5,长安
2026-08-03,13:57,5,长安
2026-08-03,13:58,7,汉中
2026-08-03,13:59,4,荆州
2026-08-03,14:00,7,汉中
2026-08-03,14:01,5,长安
2026-08-03,14:02,6,许昌
2026-08-03,14:03,4,荆州
2026-08-03,14:04,5,长安
2026-08-03,14:05,7,汉中
2026-08-03,14:06,6,许昌
2026-08-03,14:07,6,许昌
2026-08-03,14:08,5,长安
2026-08-03,14:09,2,成都
2026-08-03,14:10,7,汉中
2026-08-03,14:11,3,建业
2026-08-03,14:12,6,许昌
2026-08-03,14:13,7,汉中
2026-08-03,14:14,6,许昌
2026-08-03,14:15,1,洛阳
2026-08-03,14:16,7,汉中
2026-08-03,14:17,7,汉中
2026-08-03,14:18,6,许昌
2026-08-03,14:19,7,汉中
2026-08-03,14:20,5,长安
2026-08-03,14:21,5,长安
2026-08-03,14:22,4,荆州
2026-08-03,14:23,7,汉中
2026-08-03,14:24,6,许昌
2026-08-03,14:25,7,汉中
2026-08-03,14:26,2,成都
2026-08-03,14:27,5,长安
2026-08-03,14:28,6,许昌
2026-08-03,14:29,5,长安
2026-08-03,14:30,1,洛阳
2026-08-03,14:31,2,成都
2026-08-03,14:32,2,成都
2026-08-03,14:33,4,荆州
2026-08-03,14:34,7,汉中
2026-08-03,14:35,7,汉中
2026-08-03,14:36,4,荆州
2026-08-03,14:37,6,许昌
2026-08-03,14:38,5,长安
2026-08-03,14:39,6,许昌
2026-08-03,14:40,6,许昌
2026-08-03,14:41,6,许昌
2026-08-03,14:42,5,长安
2026-08-03,14:43,4,荆州
2026-08-03,14:44,4,荆州
2026-08-03,14:45,6,许昌
2026-08-03,14:46,6,许昌
2026-08-03,14:47,3,建业
2026-08-03,14:48,5,长安
2026-08-03,14:49,6,许昌
2026-08-03,14:50,4,荆州
2026-08-03,14:51,4,荆州
2026-08-03,14:52,5,长安
2026-08-03,14:53,7,汉中
2026-08-03,14:54,6,许昌
2026-08-03,14:55,5,长安
2026-08-03,14:56,6,许昌
2026-08-03,14:57,7,汉中
2026-08-03,14:58,4,荆州
2026-08-03,14:59,3,建业
2026-08-03,15:00,5,长安
2026-08-03,15:01,7,汉中
2026-08-03,15:02,7,汉中
2026-08-03,15:03,6,许昌
2026-08-03,15:04,5,长安
2026-08-03,15:05,5,长安
2026-08-03,15:06,4,荆州
2026-08-03,15:07,6,许昌
2026-08-03,15:08,7,汉中
2026-08-03,15:09,3,建业
2026-08-03,15:10,7,汉中
2026-08-03,15:11,6,许昌
2026-08-03,15:12,6,许昌
2026-08-03,15:13,6,许昌
2026-08-03,15:14,7,汉中
2026-08-03,15:15,6,许昌
2026-08-03,15:16,6,许昌
2026-08-03,15:17,5,长安
2026-08-03,15:18,7,汉中
2026-08-03,15:19,4,荆州
2026-08-03,15:20,7,汉中
2026-08-03,15:21,5,长安
2026-08-03,15:22,6,许昌
2026-08-03,15:23,7,汉中
2026-08-03,15:24,6,许昌
2026-08-03,15:25,6,许昌
2026-08-03,15:26,5,长安
2026-08-03,15:27,4,荆州
2026-08-03,15:28,7,汉中
2026-08-03,15:29,5,长安
2026-08-03,15:30,7,汉中
2026-08-03,15:31,6,许昌
2026-08-03,15:32,5,长安
2026-08-03,15:33,7,汉中
2026-08-03,15:34,3,建业
2026-08-03,15:35,6,许昌
2026-08-03,15:36,6,许昌
2026-08-03,15:37,5,长安
2026-08-03,15:38,6,许昌
2026-08-03,15:39,5,长安
2026-08-03,15:40,4,荆州
2026-08-03,15:41,6,许昌
2026-08-03,15:42,4,荆州
2026-08-03,15:43,3,建业
2026-08-03,15:44,6,许昌
2026-08-03,15:45,1,洛阳
2026-08-03,15:46,3,建业
2026-08-03,15:47,7,汉中
2026-08-03,15:48,5,长安
2026-08-03,15:49,6,许昌
2026-08-03,15:50,6,许昌
2026-08-03,15:51,6,许昌
2026-08-03,15:52,5,长安
2026-08-03,15:53,7,汉中
2026-08-03,15:54,4,荆州
2026-08-03,15:55,7,汉中
2026-08-03,15:56,7,汉中
2026-08-03,15:57,3,建业
2026-08-03,15:58,6,许昌
2026-08-03,15:59,6,许昌
2026-08-03,16:00,2,成都
2026-08-03,16:01,2,成都
2026-08-03,16:02,5,长安
2026-08-03,16:03,5,长安
2026-08-03,16:04,7,汉中
2026-08-03,16:05,5,长安
2026-08-03,16:06,6,许昌
2026-08-03,16:07,6,许昌
2026-08-03,16:08,7,汉中
2026-08-03,16:09,7,汉中
2026-08-03,16:10,5,长安
2026-08-03,16:11,7,汉中
2026-08-03,16:12,7,汉中
2026-08-03,16:13,5,长安
2026-08-03,16:14,7,汉中
2026-08-03,16:15,4,荆州
2026-08-03,16:16,6,许昌
2026-08-03,16:17,7,汉中
2026-08-03,16:18,7,汉中
2026-08-03,16:19,2,成都
2026-08-03,16:20,6,许昌
2026-08-03,16:21,7,汉中
2026-08-03,16:22,1,洛阳
2026-08-03,16:23,3,建业
2026-08-03,16:24,7,汉中
2026-08-03,16:25,4,荆州
2026-08-03,16:26,5,长安
2026-08-03,16:27,6,许昌
2026-08-03,16:28,5,长安
2026-08-03,16:29,6,许昌
2026-08-03,16:30,6,许昌
2026-08-03,16:31,4,荆州
2026-08-03,16:32,4,荆州
2026-08-03,16:33,7,汉中
2026-08-03,16:34,7,汉中
2026-08-03,16:35,4,荆州
2026-08-03,16:36,5,长安
2026-08-03,16:37,3,建业
2026-08-03,16:38,4,荆州
2026-08-03,16:39,4,荆州
2026-08-03,16:40,6,许昌
2026-08-03,16:41,4,荆州
2026-08-03,16:42,1,洛阳
2026-08-03,16:43,5,长安
2026-08-03,16:44,6,许昌
2026-08-03,16:45,1,洛阳
2026-08-03,16:46,3,建业
2026-08-03,16:47,5,长安
2026-08-03,16:48,6,许昌
2026-08-03,16:49,6,许昌
2026-08-03,16:50,6,许昌
2026-08-03,16:51,3,建业
2026-08-03,16:52,7,汉中
2026-08-03,16:53,4,荆州
2026-08-03,16:54,7,汉中
2026-08-03,16:55,5,长安
2026-08-03,16:56,5,长安
2026-08-03,16:57,6,许昌
2026-08-03,16:58,7,汉中
2026-08-03,16:59,7,汉中
2026-08-03,17:00,4,荆州
2026-08-03,17:01,3,建业
2026-08-03,17:02,4,荆州
2026-08-03,17:03,6,许昌
2026-08-03,17:04,7,汉中
2026-08-03,17:05,7,汉中
2026-08-03,17:06,6,许昌
2026-08-03,17:07,5,长安
2026-08-03,17:08,6,许昌
2026-08-03,17:09,3,建业
2026-08-03,17:10,5,长安
2026-08-03,17:11,6,许昌
2026-08-03,17:12,6,许昌
2026-08-03,17:13,7,汉中
2026-08-03,17:14,7,汉中
2026-08-03,17:15,5,长安
2026-08-03,17:16,7,汉中
2026-08-03,17:17,5,长安
2026-08-03,17:18,5,长安
2026-08-03,17:19,4,荆州
2026-08-03,17:20,2,成都
2026-08-03,17:21,7,汉中
2026-08-03,17:22,6,许昌
2026-08-03,17:23,7,汉中
2026-08-03,17:24,7,汉中
2026-08-03,17:25,6,许昌
2026-08-03,17:26,5,长安
2026-08-03,17:27,5,长安
2026-08-03,17:28,3,建业
2026-08-03,17:29,7,汉中
2026-08-03,17:30,3,建业
2026-08-03,17:31,6,许昌
2026-08-03,17:32,6,许昌
2026-08-03,17:33,3,建业
2026-08-03,17:34,7,汉中
2026-08-03,17:35,7,汉中
2026-08-03,17:36,7,汉中
2026-08-03,17:37,6,许昌
2026-08-03,17:38,4,荆州
2026-08-03,17:39,5,长安
2026-08-03,17:40,5,长安
2026-08-03,17:41,6,许昌
2026-08-03,17:42,2,成都
2026-08-03,17:43,2,成都
2026-08-03,17:44,5,长安
2026-08-03,17:45,1,洛阳
2026-08-03,17:46,6,许昌
2026-08-03,17:47,5,长安
2026-08-03,17:48,6,许昌
2026-08-03,17:49,7,汉中
2026-08-03,17:50,6,许昌
2026-08-03,17:51,7,汉中
2026-08-03,17:52,5,长安
2026-08-03,17:53,4,荆州
2026-08-03,17:54,3,建业
2026-08-03,17:55,6,许昌
2026-08-03,17:56,4,荆州
2026-08-03,17:57,5,长安
2026-08-03,17:58,6,许昌
2026-08-03,17:59,7,汉中
2026-08-03,18:00,6,许昌
2026-08-03,18:01,5,长安
2026-08-04,01:23,7,汉中
2026-08-04,01:24,7,汉中
2026-08-04,01:25,2,成都
2026-08-04,01:26,6,许昌
2026-08-04,01:27,4,荆州
2026-08-04,01:28,5,长安
2026-08-04,01:29,7,汉中
2026-08-04,01:30,6,许昌
2026-08-04,01:31,6,许昌
2026-08-04,01:32,6,许昌
2026-08-04,01:33,3,建业
2026-08-04,01:34,5,长安
2026-08-04,01:35,7,汉中
2026-08-04,01:36,7,汉中
2026-08-04,01:37,2,成都
2026-08-04,01:38,7,汉中
2026-08-04,01:39,6,许昌
2026-08-04,01:40,3,建业
2026-08-04,01:41,7,汉中
2026-08-04,01:42,2,成都
2026-08-04,01:43,5,长安
2026-08-04,01:44,4,荆州
2026-08-04,01:45,6,许昌
2026-08-04,01:46,7,汉中
2026-08-04,01:47,5,长安
2026-08-04,01:48,1,洛阳
2026-08-04,01:49,5,长安
2026-08-04,01:50,6,许昌
2026-08-04,01:51,6,许昌
2026-08-04,01:52,2,成都
2026-08-04,01:53,6,许昌
2026-08-04,01:54,7,汉中
2026-08-04,01:55,5,长安
2026-08-04,01:56,4,荆州
2026-08-04,01:57,5,长安
2026-08-04,01:58,5,长安
2026-08-04,01:59,6,许昌
2026-08-04,02:00,6,许昌
2026-08-04,02:01,7,汉中
2026-08-04,02:02,4,荆州
2026-08-04,02:03,2,成都
2026-08-04,02:04,5,长安
2026-08-04,02:05,6,许昌
2026-08-04,02:06,6,许昌
2026-08-04,02:07,5,长安
2026-08-04,02:08,5,长安
2026-08-04,02:09,5,长安
2026-08-04,02:10,6,许昌
2026-08-04,02:11,6,许昌
2026-08-04,02:12,4,荆州
2026-08-04,02:13,6,许昌
2026-08-04,02:14,5,长安
2026-08-04,02:15,4,荆州
2026-08-04,02:16,4,荆州
2026-08-04,02:17,4,荆州
2026-08-04,02:18,2,成都
2026-08-04,02:19,6,许昌
2026-08-04,02:20,7,汉中
2026-08-04,02:21,7,汉中
2026-08-04,02:22,5,长安
2026-08-04,02:23,3,建业
2026-08-04,02:24,5,长安
2026-08-04,02:25,1,洛阳
2026-08-04,02:26,5,长安
2026-08-04,02:27,7,汉中
2026-08-04,02:28,5,长安
2026-08-04,02:29,7,汉中
2026-08-04,02:30,6,许昌
2026-08-04,02:31,7,汉中
2026-08-04,02:32,7,汉中
2026-08-04,02:33,7,汉中
2026-08-04,02:34,5,长安
2026-08-04,02:35,4,荆州
2026-08-04,02:36,5,长安
2026-08-04,02:37,5,长安
2026-08-04,02:38,7,汉中
2026-08-04,02:39,6,许昌
2026-08-04,02:40,7,汉中
2026-08-04,02:41,7,汉中
2026-08-04,02:42,2,成都
2026-08-04,02:43,6,许昌
2026-08-04,02:44,6,许昌
2026-08-04,02:45,7,汉中
2026-08-04,02:46,1,洛阳
2026-08-04,02:47,6,许昌
2026-08-04,02:48,5,长安
2026-08-04,02:49,5,长安
2026-08-04,02:50,7,汉中
2026-08-04,02:51,7,汉中
2026-08-04,02:52,3,建业
2026-08-04,02:53,6,许昌
2026-08-04,02:54,4,荆州
2026-08-04,02:55,5,长安
2026-08-04,02:56,6,许昌
2026-08-04,02:57,7,汉中
2026-08-04,02:58,4,荆州
2026-08-04,02:59,6,许昌
2026-08-04,03:00,7,汉中
2026-08-04,03:01,6,许昌
2026-08-04,03:02,3,建业
2026-08-04,03:03,6,许昌
2026-08-04,03:04,7,汉中
2026-08-04,03:05,5,长安
2026-08-04,03:06,4,荆州
2026-08-04,03:07,2,成都
2026-08-04,03:08,3,建业
2026-08-04,03:09,5,长安
2026-08-04,03:10,6,许昌
2026-08-04,03:11,1,洛阳
2026-08-04,03:12,1,洛阳
2026-08-04,03:13,6,许昌
2026-08-04,03:14,5,长安
2026-08-04,03:15,7,汉中
2026-08-04,03:16,5,长安
2026-08-04,03:17,5,长安
2026-08-04,03:18,6,许昌
2026-08-04,03:19,5,长安
2026-08-04,03:20,3,建业
2026-08-04,03:21,6,许昌
2026-08-04,03:22,6,许昌
2026-08-04,03:23,6,许昌
2026-08-04,03:24,1,洛阳
2026-08-04,03:25,6,许昌
2026-08-04,03:26,2,成都
2026-08-04,03:27,2,成都
2026-08-04,03:28,4,荆州
2026-08-04,03:29,5,长安
2026-08-04,03:30,6,许昌
2026-08-04,03:31,6,许昌
2026-08-04,03:32,6,许昌
2026-08-04,03:33,1,洛阳
2026-08-04,03:34,5,长安
2026-08-04,03:35,7,汉中
2026-08-04,03:36,4,荆州
2026-08-04,03:37,5,长安
2026-08-04,03:38,7,汉中
2026-08-04,03:39,7,汉中
2026-08-04,03:40,6,许昌
2026-08-04,03:41,3,建业
2026-08-04,03:42,6,许昌
2026-08-04,03:43,7,汉中
2026-08-04,03:44,5,长安
2026-08-04,03:45,6,许昌
2026-08-04,03:46,3,建业
2026-08-04,03:47,7,汉中
2026-08-04,03:48,1,洛阳
2026-08-04,03:49,7,汉中
2026-08-04,03:50,5,长安
2026-08-04,03:51,7,汉中
2026-08-04,03:52,2,成都
2026-08-04,03:53,7,汉中
2026-08-04,03:54,4,荆州
2026-08-04,03:55,6,许昌
2026-08-04,03:56,7,汉中
2026-08-04,03:57,6,许昌
2026-08-04,03:58,2,成都
2026-08-04,03:59,6,许昌
2026-08-04,04:00,5,长安
2026-08-04,04:01,3,建业
2026-08-04,04:02,4,荆州
2026-08-04,04:03,5,长安
2026-08-04,04:04,5,长安
2026-08-04,04:05,6,许昌
2026-08-04,04:06,7,汉中
2026-08-04,04:07,5,长安
2026-08-04,04:08,6,许昌
2026-08-04,04:09,5,长安
2026-08-04,04:10,5,长安
2026-08-04,04:11,5,长安
2026-08-04,04:12,7,汉中
2026-08-04,04:13,4,荆州
2026-08-04,04:14,5,长安
2026-08-04,04:15,7,汉中
2026-08-04,04:16,7,汉中
2026-08-04,04:17,5,长安
2026-08-04,04:18,6,许昌
2026-08-04,04:19,7,汉中
2026-08-04,04:20,4,荆州
2026-08-04,04:21,7,汉中
2026-08-04,04:22,4,荆州
2026-08-04,04:23,7,汉中
2026-08-04,04:24,4,荆州
2026-08-04,04:25,6,许昌
2026-08-04,04:26,4,荆州
2026-08-04,04:27,7,汉中
2026-08-04,04:28,7,汉中
2026-08-04,04:29,7,汉中
2026-08-04,04:30,2,成都
2026-08-04,04:31,5,长安
2026-08-04,04:32,7,汉中
2026-08-04,04:33,6,许昌
2026-08-04,04:34,7,汉中
2026-08-04,04:35,6,许昌
2026-08-04,04:36,6,许昌
2026-08-04,04:37,3,建业
2026-08-04,04:38,7,汉中
2026-08-04,04:39,5,长安
2026-08-04,04:40,3,建业
2026-08-04,04:41,5,长安
2026-08-04,04:42,7,汉中
2026-08-04,04:43,7,汉中
2026-08-04,04:44,7,汉中
2026-08-04,04:45,6,许昌
2026-08-04,04:46,7,汉中
2026-08-04,04:47,6,许昌
2026-08-04,04:48,6,许昌
2026-08-04,04:49,5,长安
2026-08-04,04:50,5,长安
2026-08-04,04:51,7,汉中
2026-08-04,04:52,7,汉中
2026-08-04,04:53,7,汉中
2026-08-04,04:54,7,汉中
2026-08-04,04:55,6,许昌
2026-08-04,04:56,5,长安
2026-08-04,04:57,7,汉中
2026-08-04,04:58,4,荆州
2026-08-04,04:59,2,成都
2026-08-04,05:00,7,汉中
2026-08-04,05:01,6,许昌
2026-08-04,05:02,4,荆州
2026-08-04,05:03,5,长安
2026-08-04,05:04,6,许昌
2026-08-04,05:05,7,汉中
2026-08-04,05:06,7,汉中
2026-08-04,05:07,7,汉中
2026-08-04,05:08,6,许昌
2026-08-04,05:09,7,汉中
2026-08-04,05:10,7,汉中
2026-08-04,05:11,7,汉中
2026-08-04,05:12,6,许昌
2026-08-04,05:13,7,汉中
2026-08-04,05:14,3,建业
2026-08-04,05:15,6,许昌
2026-08-04,05:16,7,汉中
2026-08-04,05:17,5,长安
2026-08-04,05:18,7,汉中
2026-08-04,05:19,5,长安
2026-08-04,05:20,5,长安
2026-08-04,05:21,4,荆州
2026-08-04,05:22,6,许昌
2026-08-04,05:23,7,汉中
2026-08-04,05:24,4,荆州
2026-08-04,05:25,7,汉中
2026-08-04,05:26,7,汉中
2026-08-04,05:27,2,成都
2026-08-04,05:28,5,长安
2026-08-04,05:29,5,长安
2026-08-04,05:30,5,长安
2026-08-04,05:31,7,汉中
2026-08-04,05:32,6,许昌
2026-08-04,05:33,7,汉中
2026-08-04,05:34,7,汉中
2026-08-04,05:35,4,荆州
2026-08-04,05:36,6,许昌
2026-08-04,05:37,6,许昌
2026-08-04,05:38,5,长安
2026-08-04,05:39,7,汉中
2026-08-04,05:40,5,长安
2026-08-04,05:41,6,许昌
2026-08-04,05:42,6,许昌
2026-08-04,05:43,7,汉中
2026-08-04,05:44,4,荆州
2026-08-04,05:45,5,长安
2026-08-04,05:46,7,汉中
2026-08-04,05:47,7,汉中
2026-08-04,05:48,6,许昌
2026-08-04,05:49,3,建业
2026-08-04,05:50,6,许昌
2026-08-04,05:51,7,汉中
2026-08-04,05:52,6,许昌
2026-08-04,05:53,2,成都
2026-08-04,05:54,6,许昌
2026-08-04,05:55,3,建业
2026-08-04,05:56,7,汉中
2026-08-04,05:57,5,长安
2026-08-04,05:58,3,建业
2026-08-04,05:59,3,建业
2026-08-04,06:00,7,汉中
2026-08-04,06:01,5,长安
2026-08-04,06:02,7,汉中
2026-08-04,06:03,6,许昌
2026-08-04,06:04,7,汉中
2026-08-04,06:05,3,建业
2026-08-04,06:06,2,成都
2026-08-04,06:07,7,汉中
2026-08-04,06:08,4,荆州
2026-08-04,06:09,7,汉中
2026-08-04,06:10,1,洛阳
2026-08-04,06:11,7,汉中
2026-08-04,06:12,7,汉中
2026-08-04,06:13,6,许昌
2026-08-04,06:14,6,许昌
2026-08-04,06:15,5,长安
2026-08-04,06:16,5,长安
2026-08-04,06:17,7,汉中
2026-08-04,06:18,7,汉中
2026-08-04,06:19,4,荆州
2026-08-04,06:20,4,荆州
2026-08-04,06:21,7,汉中
2026-08-04,06:22,6,许昌
2026-08-04,06:23,7,汉中
2026-08-04,06:24,7,汉中
2026-08-04,06:25,6,许昌
2026-08-04,06:26,5,长安
2026-08-04,06:27,3,建业
2026-08-04,06:28,4,荆州
2026-08-04,06:29,7,汉中
2026-08-04,06:30,4,荆州
2026-08-04,06:31,5,长安
2026-08-04,06:32,2,成都
2026-08-04,06:33,5,长安
2026-08-04,06:34,6,许昌
2026-08-04,06:35,7,汉中
2026-08-04,06:36,5,长安
2026-08-04,06:37,5,长安
2026-08-04,06:38,7,汉中
2026-08-04,06:39,5,长安
2026-08-04,06:40,5,长安
2026-08-04,06:41,5,长安
2026-08-04,06:42,5,长安
2026-08-04,06:43,7,汉中
2026-08-04,06:44,6,许昌
2026-08-04,06:45,7,汉中
2026-08-04,06:46,5,长安
2026-08-04,06:47,5,长安
2026-08-04,06:48,2,成都
2026-08-04,06:49,5,长安
2026-08-04,06:50,5,长安
2026-08-04,06:51,7,汉中
2026-08-04,06:52,5,长安
2026-08-04,06:53,6,许昌
2026-08-04,06:54,7,汉中
2026-08-04,06:55,5,长安
2026-08-04,06:56,3,建业
2026-08-04,06:57,5,长安
2026-08-04,06:58,7,汉中
2026-08-04,06:59,6,许昌
2026-08-04,07:00,1,洛阳
2026-08-04,07:01,5,长安
2026-08-04,07:02,5,长安
2026-08-04,07:03,5,长安
2026-08-04,07:04,7,汉中
2026-08-04,07:05,7,汉中
2026-08-04,07:06,4,荆州
2026-08-04,07:07,6,许昌
2026-08-04,07:08,5,长安
2026-08-04,07:09,6,许昌
2026-08-04,07:10,4,荆州
2026-08-04,07:11,1,洛阳
2026-08-04,07:12,5,长安
2026-08-04,07:13,5,长安
2026-08-04,07:14,6,许昌
2026-08-04,07:15,3,建业
2026-08-04,07:16,6,许昌
2026-08-04,07:17,5,长安
2026-08-04,07:18,6,许昌
2026-08-04,07:19,4,荆州
2026-08-04,07:20,5,长安
2026-08-04,07:21,4,荆州
2026-08-04,07:22,7,汉中
2026-08-04,07:23,5,长安
2026-08-04,07:24,6,许昌
2026-08-04,07:25,7,汉中
2026-08-04,07:26,6,许昌
2026-08-04,07:27,6,许昌
2026-08-04,07:28,1,洛阳
2026-08-04,07:29,7,汉中
2026-08-04,07:30,7,汉中
2026-08-04,07:31,3,建业
2026-08-04,07:32,1,洛阳
2026-08-04,07:33,1,洛阳
2026-08-04,07:34,5,长安
2026-08-04,07:35,5,长安
2026-08-04,07:36,5,长安
2026-08-04,07:37,7,汉中
2026-08-04,07:38,7,汉中
2026-08-04,07:39,2,成都
2026-08-04,07:40,6,许昌
2026-08-04,07:41,7,汉中
2026-08-04,07:42,6,许昌
2026-08-04,07:43,7,汉中
2026-08-04,07:44,2,成都
2026-08-04,07:45,5,长安
2026-08-04,07:46,4,荆州
2026-08-04,07:47,4,荆州
2026-08-04,07:48,6,许昌
2026-08-04,07:49,7,汉中
2026-08-04,07:50,1,洛阳
2026-08-04,07:51,3,建业
2026-08-04,07:52,7,汉中
2026-08-04,07:53,4,荆州
2026-08-04,07:54,5,长安
2026-08-04,07:55,3,建业
2026-08-04,07:56,5,长安
2026-08-04,07:57,5,长安
2026-08-04,07:58,2,成都
2026-08-04,07:59,5,长安
2026-08-04,08:00,5,长安
2026-08-04,08:01,5,长安
2026-08-04,08:02,7,汉中
2026-08-04,08:03,6,许昌
2026-08-04,08:04,6,许昌
2026-08-04,08:05,2,成都
2026-08-04,08:06,6,许昌
2026-08-04,08:07,5,长安
2026-08-04,08:08,7,汉中
2026-08-04,08:09,6,许昌
2026-08-04,08:10,7,汉中
2026-08-04,08:11,7,汉中
2026-08-04,08:12,6,许昌
2026-08-04,08:13,6,许昌
2026-08-04,08:14,6,许昌
2026-08-04,08:15,6,许昌
2026-08-04,08:16,3,建业
2026-08-04,08:17,7,汉中
2026-08-04,08:18,5,长安
2026-08-04,08:19,5,长安
2026-08-04,08:20,5,长安
2026-08-04,08:21,5,长安
2026-08-04,08:22,6,许昌
2026-08-04,08:23,6,许昌
2026-08-04,08:24,6,许昌
2026-08-04,08:25,7,汉中
2026-08-04,08:26,1,洛阳
2026-08-04,08:27,7,汉中
2026-08-04,08:28,5,长安
2026-08-04,08:29,5,长安
2026-08-04,08:30,6,许昌
2026-08-04,08:31,5,长安
2026-08-04,08:32,2,成都
2026-08-04,08:33,6,许昌
2026-08-04,08:34,5,长安
2026-08-04,08:35,5,长安
2026-08-04,08:36,5,长安
2026-08-04,08:37,1,洛阳
2026-08-04,08:38,5,长安
2026-08-04,08:39,5,长安
2026-08-04,08:40,6,许昌
2026-08-04,08:41,2,成都
2026-08-04,08:42,5,长安
2026-08-04,08:43,2,成都
2026-08-04,08:44,5,长安
2026-08-04,08:45,6,许昌
2026-08-04,08:46,4,荆州
2026-08-04,08:47,7,汉中
2026-08-04,08:48,5,长安
2026-08-04,08:49,1,洛阳
2026-08-04,08:50,5,长安
2026-08-04,08:51,7,汉中
2026-08-04,08:52,4,荆州
2026-08-04,08:53,6,许昌
2026-08-04,08:54,1,洛阳
2026-08-04,08:55,6,许昌
2026-08-04,08:56,6,许昌
2026-08-04,08:57,7,汉中
2026-08-04,08:58,7,汉中
2026-08-04,08:59,7,汉中
2026-08-04,09:00,2,成都
2026-08-04,09:01,6,许昌
2026-08-04,09:02,7,汉中
2026-08-04,09:03,5,长安
2026-08-04,09:04,7,汉中
2026-08-04,09:05,5,长安
2026-08-04,09:06,7,汉中
2026-08-04,09:07,2,成都
2026-08-04,09:08,6,许昌
2026-08-04,09:09,6,许昌
2026-08-04,09:10,4,荆州
2026-08-04,09:11,7,汉中
2026-08-04,09:12,5,长安
2026-08-04,09:13,7,汉中
2026-08-04,09:14,2,成都
2026-08-04,09:15,5,长安
2026-08-04,09:16,5,长安
2026-08-04,09:17,1,洛阳
2026-08-04,09:18,3,建业
2026-08-04,09:19,6,许昌
2026-08-04,09:20,6,许昌
2026-08-04,09:21,5,长安
2026-08-04,09:22,5,长安
2026-08-04,09:23,5,长安
2026-08-04,09:24,2,成都
2026-08-04,09:25,3,建业
2026-08-04,09:26,5,长安
2026-08-04,09:27,4,荆州
2026-08-04,09:28,7,汉中
2026-08-04,09:29,7,汉中
2026-08-04,09:30,5,长安
2026-08-04,09:31,7,汉中
2026-08-04,09:32,7,汉中
2026-08-04,09:33,6,许昌
2026-08-04,09:34,7,汉中
2026-08-04,09:35,1,洛阳
2026-08-04,09:36,7,汉中
2026-08-04,09:37,5,长安
2026-08-04,09:38,4,荆州
2026-08-04,09:39,7,汉中
2026-08-04,09:40,7,汉中
2026-08-04,09:41,4,荆州
2026-08-04,09:42,4,荆州
2026-08-04,09:43,2,成都
2026-08-04,09:44,4,荆州
2026-08-04,09:45,7,汉中
2026-08-04,09:46,4,荆州
2026-08-04,09:47,5,长安
2026-08-04,09:48,5,长安
2026-08-04,09:49,5,长安
2026-08-04,09:50,7,汉中
2026-08-04,09:51,7,汉中
2026-08-04,09:52,6,许昌
2026-08-04,09:53,7,汉中
2026-08-04,09:54,1,洛阳
2026-08-04,09:55,6,许昌
2026-08-04,09:56,2,成都
2026-08-04,09:57,5,长安
2026-08-04,09:58,2,成都
2026-08-04,09:59,6,许昌
2026-08-04,10:00,1,洛阳
2026-08-04,10:01,1,洛阳
2026-08-04,10:02,4,荆州
2026-08-04,10:03,7,汉中
2026-08-04,10:04,5,长安
2026-08-04,10:05,6,许昌
2026-08-04,10:06,7,汉中
2026-08-04,10:07,6,许昌
2026-08-04,10:08,4,荆州
2026-08-04,10:09,7,汉中
2026-08-04,10:10,1,洛阳
2026-08-04,10:11,5,长安
2026-08-04,10:12,1,洛阳
2026-08-04,10:13,4,荆州
2026-08-04,10:14,5,长安
2026-08-04,10:15,5,长安
2026-08-04,10:16,7,汉中
2026-08-04,10:17,4,荆州
2026-08-04,10:18,7,汉中
2026-08-04,10:19,7,汉中
2026-08-04,10:20,6,许昌
2026-08-04,10:21,6,许昌
2026-08-04,10:22,4,荆州
2026-08-04,10:23,4,荆州
2026-08-04,10:24,5,长安
2026-08-04,10:25,4,荆州
2026-08-04,10:26,1,洛阳
2026-08-04,10:27,7,汉中
2026-08-04,10:28,4,荆州
2026-08-04,10:29,5,长安
2026-08-04,10:30,7,汉中
2026-08-04,10:31,7,汉中
2026-08-04,10:32,6,许昌
2026-08-04,10:33,6,许昌
2026-08-04,10:34,5,长安
2026-08-04,10:35,3,建业
2026-08-04,10:36,7,汉中
2026-08-04,10:37,5,长安
2026-08-04,10:38,4,荆州
2026-08-04,10:39,2,成都
2026-08-04,10:40,5,长安
2026-08-04,10:41,5,长安
2026-08-04,10:42,7,汉中
2026-08-04,10:43,6,许昌
2026-08-04,10:44,5,长安
2026-08-04,10:45,7,汉中
2026-08-04,10:46,5,长安
2026-08-04,10:47,7,汉中
2026-08-04,10:48,5,长安
2026-08-04,10:49,7,汉中
2026-08-04,10:50,1,洛阳
2026-08-04,10:51,6,许昌
2026-08-04,10:52,5,长安
2026-08-04,10:53,5,长安
2026-08-04,10:54,5,长安
2026-08-04,10:55,3,建业
2026-08-04,10:56,6,许昌
2026-08-04,10:57,6,许昌
2026-08-04,10:58,7,汉中
2026-08-04,10:59,1,洛阳
2026-08-04,11:00,3,建业
2026-08-04,11:01,1,洛阳
2026-08-04,11:02,6,许昌
2026-08-04,11:03,4,荆州
2026-08-04,11:04,1,洛阳
2026-08-04,11:05,5,长安
2026-08-04,11:06,7,汉中
2026-08-04,11:07,7,汉中
2026-08-04,11:08,6,许昌
2026-08-04,11:09,6,许昌
2026-08-04,11:10,3,建业
2026-08-04,11:11,4,荆州
2026-08-04,11:12,7,汉中
2026-08-04,11:13,7,汉中
2026-08-04,11:14,7,汉中
2026-08-04,11:15,3,建业
2026-08-04,11:16,2,成都
2026-08-04,11:17,7,汉中
2026-08-04,11:18,6,许昌
2026-08-04,11:19,5,长安
2026-08-04,11:20,7,汉中
2026-08-04,11:21,5,长安
2026-08-04,11:22,7,汉中
2026-08-04,11:23,6,许昌
2026-08-04,11:24,7,汉中
2026-08-04,11:25,5,长安
2026-08-04,11:26,6,许昌
2026-08-04,11:27,3,建业
2026-08-04,11:28,5,长安
2026-08-04,11:29,4,荆州
2026-08-04,11:30,6,许昌
2026-08-04,11:31,5,长安
2026-08-04,11:32,6,许昌
2026-08-04,11:33,4,荆州
2026-08-04,11:34,6,许昌
2026-08-04,11:35,6,许昌
2026-08-04,11:36,7,汉中
2026-08-04,11:37,7,汉中
2026-08-04,11:38,3,建业
2026-08-04,11:39,6,许昌
2026-08-04,11:40,4,荆州
2026-08-04,11:41,1,洛阳
2026-08-04,11:42,5,长安
2026-08-04,11:43,5,长安
2026-08-04,11:44,4,荆州
2026-08-04,11:45,6,许昌
2026-08-04,11:46,6,许昌
2026-08-04,11:47,4,荆州
2026-08-04,11:48,4,荆州
2026-08-04,11:49,4,荆州
2026-08-04,11:50,7,汉中
2026-08-04,11:51,3,建业
2026-08-04,11:52,6,许昌
2026-08-04,11:53,6,许昌
2026-08-04,11:54,7,汉中
2026-08-04,11:55,4,荆州
2026-08-04,11:56,6,许昌
2026-08-04,11:57,7,汉中
2026-08-04,11:58,7,汉中
2026-08-04,11:59,7,汉中
2026-08-04,12:00,6,许昌
2026-08-04,12:01,5,长安
2026-08-04,12:02,4,荆州
2026-08-04,12:03,4,荆州
2026-08-04,12:04,7,汉中
2026-08-04,12:05,5,长安
2026-08-04,12:06,4,荆州
2026-08-04,12:07,5,长安
2026-08-04,12:08,4,荆州
2026-08-04,12:09,5,长安
2026-08-04,12:10,3,建业
2026-08-04,12:11,6,许昌
2026-08-04,12:12,5,长安
2026-08-04,12:13,5,长安
2026-08-04,12:14,6,许昌
2026-08-04,12:15,6,许昌
2026-08-04,12:16,7,汉中
2026-08-04,12:17,7,汉中
2026-08-04,12:18,2,成都
2026-08-04,12:19,1,洛阳
2026-08-04,12:20,6,许昌
2026-08-04,12:21,5,长安
2026-08-04,12:22,4,荆州
2026-08-04,12:23,4,荆州
2026-08-04,12:24,6,许昌
2026-08-04,12:25,7,汉中
2026-08-04,12:26,6,许昌
2026-08-04,12:27,7,汉中
2026-08-04,12:28,4,荆州
2026-08-04,12:29,3,建业
2026-08-04,12:30,3,建业
2026-08-04,12:31,5,长安
2026-08-04,12:32,5,长安
2026-08-04,12:33,7,汉中
2026-08-04,12:34,6,许昌
2026-08-04,12:35,7,汉中
2026-08-04,12:36,6,许昌
2026-08-04,12:37,7,汉中
2026-08-04,12:38,4,荆州
2026-08-04,12:39,5,长安
2026-08-04,12:40,7,汉中
2026-08-04,12:41,6,许昌
2026-08-04,12:42,7,汉中
2026-08-04,12:43,7,汉中
2026-08-04,12:44,6,许昌
2026-08-04,12:45,6,许昌
2026-08-04,12:46,4,荆州
2026-08-04,12:47,6,许昌
2026-08-04,12:48,7,汉中
2026-08-04,12:49,7,汉中
2026-08-04,12:50,6,许昌
2026-08-04,12:51,5,长安
2026-08-04,12:52,5,长安
2026-08-04,12:53,3,建业
2026-08-04,12:54,6,许昌
2026-08-04,12:55,3,建业
2026-08-04,12:56,5,长安
2026-08-04,12:57,5,长安
2026-08-04,12:58,4,荆州
2026-08-04,12:59,6,许昌
2026-08-04,13:00,7,汉中
2026-08-04,13:01,7,汉中
2026-08-04,13:02,5,长安
2026-08-04,13:03,7,汉中
2026-08-04,13:04,3,建业
2026-08-04,13:05,6,许昌
2026-08-04,13:06,5,长安
2026-08-04,13:07,3,建业
2026-08-04,13:08,7,汉中
2026-08-04,13:09,4,荆州
2026-08-04,13:10,2,成都
2026-08-04,13:11,4,荆州
2026-08-04,13:12,4,荆州
2026-08-04,13:13,5,长安
2026-08-04,13:14,6,许昌
2026-08-04,13:15,5,长安
2026-08-04,13:16,7,汉中
2026-08-04,13:17,5,长安
2026-08-04,13:18,6,许昌
2026-08-04,13:19,6,许昌
2026-08-04,13:20,5,长安
2026-08-04,13:21,7,汉中
2026-08-04,13:22,6,许昌
2026-08-04,13:23,6,许昌
2026-08-04,13:24,7,汉中
2026-08-04,13:25,7,汉中
2026-08-04,13:26,6,许昌
2026-08-04,13:27,5,长安
2026-08-04,13:28,7,汉中
2026-08-04,13:29,5,长安
2026-08-04,13:30,5,长安
2026-08-04,13:31,7,汉中
2026-08-04,13:32,4,荆州
2026-08-04,13:33,7,汉中
2026-08-04,13:34,6,许昌
2026-08-04,13:35,7,汉中
2026-08-04,13:36,2,成都
2026-08-04,13:37,6,许昌
2026-08-04,13:38,6,许昌
2026-08-04,13:39,6,许昌
2026-08-04,13:40,5,长安
2026-08-04,13:41,6,许昌
2026-08-04,13:42,4,荆州
2026-08-04,13:43,7,汉中
2026-08-04,13:44,3,建业
2026-08-04,13:45,7,汉中
2026-08-04,13:46,4,荆州
2026-08-04,13:47,2,成都
2026-08-04,13:48,1,洛阳
2026-08-04,13:49,6,许昌
2026-08-04,13:50,7,汉中
2026-08-04,13:51,7,汉中
2026-08-04,13:52,7,汉中
2026-08-04,13:53,7,汉中
2026-08-04,13:54,6,许昌
2026-08-04,13:55,4,荆州
2026-08-04,13:56,4,荆州
2026-08-04,13:57,5,长安
2026-08-04,13:58,7,汉中
2026-08-04,13:59,3,建业
2026-08-04,14:00,7,汉中
2026-08-04,14:01,4,荆州
2026-08-04,14:02,4,荆州
2026-08-04,14:03,5,长安
2026-08-04,14:04,5,长安
2026-08-04,14:05,3,建业
2026-08-04,14:06,6,许昌
2026-08-04,14:07,6,许昌
2026-08-04,14:08,4,荆州
2026-08-04,14:09,5,长安
2026-08-04,14:10,6,许昌
2026-08-04,14:11,5,长安
2026-08-04,14:12,5,长安
2026-08-04,14:13,5,长安
2026-08-04,14:14,6,许昌
2026-08-04,14:15,7,汉中
2026-08-04,14:16,5,长安
2026-08-04,14:17,2,成都
2026-08-04,14:18,4,荆州
2026-08-04,14:19,5,长安
2026-08-04,14:20,3,建业
2026-08-04,14:21,2,成都
2026-08-04,14:22,6,许昌
2026-08-04,14:23,5,长安
2026-08-04,14:24,7,汉中
2026-08-04,14:25,5,长安
2026-08-04,14:26,3,建业
2026-08-04,14:27,2,成都
2026-08-04,14:28,6,许昌
2026-08-04,14:29,6,许昌
2026-08-04,14:30,5,长安
2026-08-04,14:31,7,汉中
2026-08-04,14:32,7,汉中
2026-08-04,14:33,6,许昌
2026-08-04,14:34,5,长安
2026-08-04,14:35,2,成都
2026-08-04,14:36,6,许昌
2026-08-04,14:37,6,许昌
2026-08-04,14:38,7,汉中
2026-08-04,14:39,6,许昌
2026-08-04,14:40,7,汉中
2026-08-04,14:41,2,成都
2026-08-04,14:42,6,许昌
2026-08-04,14:43,2,成都
2026-08-04,14:44,3,建业
2026-08-04,14:45,5,长安
2026-08-04,14:46,6,许昌
2026-08-04,14:47,7,汉中
2026-08-04,14:48,2,成都
2026-08-04,14:49,7,汉中
2026-08-04,14:50,3,建业
2026-08-04,14:51,6,许昌
2026-08-04,14:52,5,长安
2026-08-04,14:53,7,汉中
2026-08-04,14:54,5,长安
2026-08-04,14:55,5,长安
2026-08-04,14:56,5,长安
2026-08-04,14:57,4,荆州
2026-08-04,14:58,7,汉中
2026-08-04,14:59,1,洛阳
2026-08-04,15:00,7,汉中
2026-08-04,15:01,5,长安
2026-08-04,15:02,5,长安
2026-08-04,15:03,6,许昌
2026-08-04,15:04,5,长安
2026-08-04,15:05,1,洛阳
2026-08-04,15:06,5,长安
2026-08-04,15:07,7,汉中
2026-08-04,15:08,6,许昌
2026-08-04,15:09,6,许昌
2026-08-04,15:10,7,汉中
2026-08-04,15:11,5,长安
2026-08-04,15:12,2,成都
2026-08-04,15:13,6,许昌
2026-08-04,15:14,7,汉中
2026-08-04,15:15,4,荆州
2026-08-04,15:16,7,汉中
2026-08-04,15:17,6,许昌
2026-08-04,15:18,6,许昌
2026-08-04,15:19,2,成都
2026-08-04,15:20,3,建业
2026-08-04,15:21,7,汉中
2026-08-04,15:22,6,许昌
2026-08-04,15:23,7,汉中
2026-08-04,15:24,7,汉中
2026-08-04,15:25,2,成都
2026-08-04,15:26,7,汉中
2026-08-04,15:27,3,建业
2026-08-04,15:28,7,汉中
2026-08-04,15:29,6,许昌
2026-08-04,15:30,6,许昌
2026-08-04,15:31,4,荆州
2026-08-04,15:32,7,汉中
2026-08-04,15:33,3,建业
2026-08-04,15:34,4,荆州
2026-08-04,15:35,5,长安
2026-08-04,15:36,5,长安
2026-08-04,15:37,7,汉中
2026-08-04,15:38,5,长安
2026-08-04,15:39,3,建业
2026-08-04,15:40,5,长安
2026-08-04,15:41,6,许昌
2026-08-04,15:42,6,许昌
2026-08-04,15:43,5,长安
2026-08-04,15:44,6,许昌
2026-08-04,15:45,3,建业
2026-08-04,15:46,5,长安
2026-08-04,15:47,7,汉中
2026-08-04,15:48,4,荆州
2026-08-04,15:49,3,建业
2026-08-04,15:50,5,长安
2026-08-04,15:51,6,许昌
2026-08-04,15:52,4,荆州
2026-08-04,15:53,6,许昌
2026-08-04,15:54,3,建业
2026-08-04,15:55,6,许昌
2026-08-04,15:56,5,长安
2026-08-04,15:57,4,荆州
2026-08-04,15:58,5,长安
2026-08-04,15:59,5,长安
2026-08-04,16:00,7,汉中
2026-08-04,16:01,3,建业
2026-08-04,16:02,7,汉中
2026-08-04,16:03,2,成都
2026-08-04,16:04,2,成都
2026-08-04,16:05,5,长安
2026-08-04,16:06,6,许昌
2026-08-04,16:07,6,许昌
2026-08-04,16:08,4,荆州
2026-08-04,16:09,5,长安
2026-08-04,16:10,5,长安
2026-08-04,16:11,6,许昌
2026-08-04,16:12,7,汉中
2026-08-04,16:13,3,建业
2026-08-04,16:14,5,长安
2026-08-04,16:15,3,建业
2026-08-04,16:16,6,许昌
2026-08-04,16:17,4,荆州
2026-08-04,16:18,6,许昌
2026-08-04,16:19,4,荆州
2026-08-04,16:20,4,荆州
2026-08-04,16:21,7,汉中
2026-08-04,16:22,7,汉中
2026-08-04,16:23,1,洛阳
2026-08-04,16:24,5,长安
2026-08-04,16:25,7,汉中
2026-08-04,16:26,2,成都
2026-08-04,16:27,7,汉中
2026-08-04,16:28,5,长安
2026-08-04,16:29,7,汉中
2026-08-04,16:30,4,荆州
2026-08-04,16:31,6,许昌
2026-08-04,16:32,7,汉中
2026-08-04,16:33,7,汉中
2026-08-04,16:34,6,许昌
2026-08-04,16:35,7,汉中
2026-08-04,16:36,3,建业
2026-08-04,16:37,5,长安
2026-08-04,16:38,6,许昌
2026-08-04,16:39,2,成都
2026-08-04,16:40,4,荆州
2026-08-04,16:41,5,长安
2026-08-04,16:42,3,建业
2026-08-04,16:43,4,荆州
2026-08-04,16:44,3,建业
2026-08-04,16:45,6,许昌
2026-08-04,16:46,5,长安
2026-08-04,16:47,3,建业
2026-08-04,16:48,7,汉中
2026-08-04,16:49,4,荆州
2026-08-04,16:50,4,荆州
2026-08-04,16:51,5,长安
2026-08-04,16:52,5,长安
2026-08-04,16:53,7,汉中
2026-08-04,16:54,3,建业
2026-08-04,16:55,4,荆州
2026-08-04,16:56,3,建业
2026-08-04,16:57,2,成都
2026-08-04,16:58,5,长安
2026-08-04,16:59,6,许昌
2026-08-04,17:00,5,长安
2026-08-04,17:01,7,汉中
2026-08-04,17:02,5,长安
2026-08-04,17:03,6,许昌
2026-08-04,17:04,5,长安
2026-08-04,17:05,7,汉中
2026-08-04,17:06,5,长安
2026-08-04,17:07,6,许昌
2026-08-04,17:08,5,长安
2026-08-04,17:09,2,成都
2026-08-04,17:10,3,建业
2026-08-04,17:11,7,汉中
2026-08-04,17:12,7,汉中
2026-08-04,17:13,4,荆州
2026-08-04,17:14,6,许昌
2026-08-04,17:15,7,汉中
2026-08-04,17:16,6,许昌
2026-08-04,17:17,6,许昌
2026-08-04,17:18,3,建业
2026-08-04,17:19,5,长安
2026-08-04,17:20,5,长安
2026-08-04,17:21,3,建业
2026-08-04,17:22,5,长安
2026-08-04,17:23,7,汉中
2026-08-04,17:24,5,长安
2026-08-04,17:25,7,汉中
2026-08-04,17:26,5,长安
2026-08-04,17:27,6,许昌
2026-08-04,17:28,5,长安
2026-08-04,17:29,7,汉中
2026-08-04,17:30,7,汉中
2026-08-04,17:31,6,许昌
2026-08-04,17:32,6,许昌
2026-08-04,17:33,6,许昌
2026-08-04,17:34,5,长安
2026-08-04,17:35,5,长安
2026-08-04,17:36,3,建业
2026-08-04,17:37,7,汉中
2026-08-04,17:38,1,洛阳
2026-08-04,17:39,7,汉中
2026-08-04,17:40,3,建业
2026-08-04,17:41,6,许昌
2026-08-04,17:42,7,汉中
2026-08-04,17:43,6,许昌
2026-08-04,17:44,6,许昌
2026-08-04,17:45,6,许昌
2026-08-04,17:46,4,荆州
2026-08-04,17:47,5,长安
2026-08-04,17:48,5,长安
2026-08-04,17:49,3,建业
2026-08-04,17:50,6,许昌
2026-08-04,17:51,6,许昌
2026-08-04,17:52,6,许昌
2026-08-04,17:53,3,建业
2026-08-04,17:54,6,许昌
2026-08-04,17:55,5,长安
2026-08-04,17:56,4,荆州
2026-08-04,17:57,3,建业
2026-08-04,17:58,2,成都
2026-08-04,17:59,7,汉中
2026-08-04,18:00,7,汉中
2026-08-04,18:01,6,许昌
2026-08-04,18:02,7,汉中
2026-08-04,18:03,3,建业
2026-08-04,18:04,7,汉中
2026-08-04,18:05,5,长安
2026-08-04,18:06,4,荆州
2026-08-04,18:07,7,汉中
2026-08-04,18:08,5,长安
2026-08-04,18:09,7,汉中
2026-08-04,18:10,4,荆州
2026-08-04,18:11,5,长安
2026-08-04,18:12,4,荆州
2026-08-04,18:13,5,长安
2026-08-04,18:14,3,建业
2026-08-04,18:15,7,汉中
2026-08-04,18:16,7,汉中
2026-08-04,18:17,6,许昌
2026-08-04,18:18,6,许昌
2026-08-04,18:19,5,长安
2026-08-04,18:20,6,许昌
2026-08-04,18:21,7,汉中
2026-08-04,18:22,3,建业
2026-08-04,18:23,7,汉中
2026-08-04,18:24,1,洛阳
2026-08-04,18:25,5,长安
2026-08-04,18:26,4,荆州
2026-08-04,18:27,6,许昌
2026-08-04,18:28,5,长安
2026-08-04,18:29,5,长安
2026-08-04,18:30,6,许昌
2026-08-04,18:31,6,许昌
2026-08-04,18:32,5,长安
2026-08-04,18:33,2,成都
2026-08-04,18:34,3,建业
2026-08-04,18:35,3,建业
2026-08-04,18:36,6,许昌
2026-08-04,18:37,6,许昌
2026-08-04,18:38,7,汉中
2026-08-04,18:39,7,汉中
2026-08-04,18:40,5,长安
2026-08-04,18:41,4,荆州
2026-08-04,18:42,5,长安
2026-08-04,18:43,3,建业
2026-08-04,18:44,6,许昌
2026-08-04,18:45,6,许昌
2026-08-04,18:46,3,建业
2026-08-04,18:47,4,荆州
2026-08-04,18:48,5,长安
2026-08-04,18:49,7,汉中
2026-08-04,18:50,6,许昌
2026-08-04,18:51,7,汉中
2026-08-04,18:52,5,长安
2026-08-04,18:53,6,许昌
2026-08-04,18:54,5,长安
2026-08-04,18:55,6,许昌
2026-08-04,18:56,7,汉中
2026-08-04,18:57,4,荆州
2026-08-04,18:58,5,长安
2026-08-04,18:59,6,许昌
2026-08-04,19:00,3,建业
2026-08-04,19:01,7,汉中
2026-08-04,19:02,7,汉中
2026-08-04,19:03,5,长安
2026-08-04,19:04,6,许昌
2026-08-04,19:05,2,成都
2026-08-04,19:06,7,汉中
2026-08-04,19:07,6,许昌
2026-08-04,19:08,6,许昌
2026-08-04,19:09,5,长安
2026-08-04,19:10,6,许昌
2026-08-04,19:11,5,长安
2026-08-04,19:12,5,长安
2026-08-04,19:13,7,汉中
2026-08-04,19:14,5,长安
2026-08-04,19:15,6,许昌
2026-08-04,19:16,5,长安
2026-08-04,19:17,3,建业
2026-08-04,19:18,7,汉中
2026-08-04,19:19,7,汉中
2026-08-04,19:20,2,成都
2026-08-04,19:21,5,长安
2026-08-04,19:22,6,许昌
2026-08-04,19:23,2,成都
2026-08-04,19:24,2,成都
2026-08-04,19:25,5,长安
2026-08-04,19:26,7,汉中
2026-08-04,19:27,6,许昌
2026-08-04,19:28,4,荆州
2026-08-04,19:29,2,成都
2026-08-04,19:30,6,许昌
2026-08-04,19:31,7,汉中
2026-08-04,19:32,3,建业
2026-08-04,19:33,5,长安
2026-08-04,19:34,7,汉中
2026-08-04,19:35,2,成都
2026-08-04,19:36,5,长安
2026-08-04,19:37,3,建业
2026-08-04,19:38,4,荆州
2026-08-04,19:39,4,荆州
2026-08-04,19:40,4,荆州
2026-08-04,19:41,2,成都
2026-08-04,19:42,2,成都
2026-08-04,19:43,6,许昌
2026-08-04,19:44,7,汉中
2026-08-04,19:45,7,汉中
2026-08-04,19:46,6,许昌
2026-08-04,19:47,6,许昌
2026-08-04,19:48,5,长安
2026-08-04,19:49,7,汉中
2026-08-04,19:50,5,长安
2026-08-04,19:51,6,许昌
2026-08-04,19:52,3,建业
2026-08-04,19:53,6,许昌
2026-08-04,19:54,1,洛阳
2026-08-04,19:55,7,汉中
2026-08-04,19:56,7,汉中
2026-08-04,19:57,6,许昌
2026-08-04,19:58,7,汉中
2026-08-04,19:59,6,许昌
2026-08-04,20:00,2,成都
2026-08-04,20:01,5,长安
2026-08-04,20:02,4,荆州
2026-08-04,20:03,3,建业
2026-08-04,20:04,7,汉中
2026-08-04,20:05,4,荆州
2026-08-04,20:06,3,建业
2026-08-04,20:07,7,汉中
2026-08-04,20:08,5,长安
2026-08-04,20:09,6,许昌
2026-08-04,20:10,1,洛阳
2026-08-04,20:11,5,长安
2026-08-04,20:12,4,荆州
2026-08-04,20:13,7,汉中
2026-08-04,20:14,7,汉中
2026-08-04,20:15,7,汉中
2026-08-04,20:16,3,建业
2026-08-04,20:17,7,汉中
2026-08-04,20:18,3,建业
2026-08-04,20:19,4,荆州
2026-08-04,20:20,6,许昌
2026-08-04,20:21,7,汉中
2026-08-04,20:22,4,荆州
2026-08-04,20:23,7,汉中
2026-08-04,20:24,7,汉中
2026-08-04,20:25,3,建业
2026-08-04,20:26,5,长安
2026-08-04,20:27,7,汉中
2026-08-04,20:28,7,汉中
2026-08-04,20:29,4,荆州
2026-08-04,20:30,5,长安
2026-08-04,20:31,5,长安
2026-08-04,20:32,5,长安
2026-08-04,20:33,7,汉中
2026-08-04,20:34,6,许昌
2026-08-04,20:35,4,荆州
2026-08-04,20:36,4,荆州
2026-08-04,20:37,5,长安
2026-08-04,20:38,5,长安
2026-08-04,20:39,7,汉中
2026-08-04,20:40,5,长安
2026-08-04,20:41,6,许昌
2026-08-04,20:42,5,长安
2026-08-04,20:43,6,许昌
2026-08-04,20:44,5,长安
2026-08-04,20:45,3,建业
2026-08-04,20:46,2,成都
2026-08-04,20:47,6,许昌
2026-08-04,20:48,5,长安
2026-08-04,20:49,5,长安
2026-08-04,20:50,7,汉中
2026-08-04,20:51,7,汉中
2026-08-04,20:52,3,建业
2026-08-04,20:53,6,许昌
2026-08-04,20:54,5,长安
2026-08-04,20:55,5,长安
2026-08-04,20:56,6,许昌
2026-08-04,20:57,5,长安
2026-08-04,20:58,4,荆州
2026-08-04,20:59,6,许昌
2026-08-04,21:00,4,荆州
2026-08-04,21:01,7,汉中
2026-08-04,21:02,6,许昌
2026-08-04,21:03,7,汉中
2026-08-04,21:04,6,许昌
2026-08-04,21:05,2,成都
2026-08-04,21:06,7,汉中
2026-08-04,21:07,6,许昌
2026-08-04,21:08,1,洛阳
2026-08-04,21:09,5,长安
2026-08-04,21:10,7,汉中
2026-08-04,21:11,7,汉中
2026-08-04,21:12,3,建业
2026-08-04,21:13,5,长安
2026-08-04,21:14,4,荆州
2026-08-04,21:15,5,长安
2026-08-04,21:16,1,洛阳
2026-08-04,21:17,3,建业
2026-08-04,21:18,5,长安
2026-08-04,21:19,6,许昌
2026-08-04,21:20,7,汉中
2026-08-04,21:21,5,长安
2026-08-04,21:22,1,洛阳
2026-08-04,21:23,5,长安
2026-08-04,21:24,5,长安
2026-08-04,21:25,7,汉中
2026-08-04,21:26,2,成都
2026-08-04,21:27,6,许昌
2026-08-04,21:28,6,许昌
2026-08-04,21:29,5,长安
2026-08-04,21:30,5,长安
2026-08-04,21:31,6,许昌
2026-08-04,21:32,7,汉中
2026-08-04,21:33,7,汉中
2026-08-04,21:34,5,长安
2026-08-04,21:35,4,荆州
2026-08-04,21:36,7,汉中
2026-08-04,21:37,7,汉中
2026-08-04,21:38,6,许昌
2026-08-04,21:39,5,长安
2026-08-04,21:40,2,成都
2026-08-04,21:41,2,成都
2026-08-04,21:42,6,许昌
2026-08-04,21:43,6,许昌
2026-08-04,21:44,6,许昌
2026-08-04,21:45,7,汉中
2026-08-04,21:46,7,汉中
2026-08-04,21:47,3,建业
2026-08-04,21:48,7,汉中
2026-08-04,21:49,5,长安
2026-08-04,21:50,5,长安
2026-08-04,21:51,4,荆州
2026-08-04,21:52,5,长安
2026-08-04,21:53,3,建业
2026-08-04,21:54,7,汉中
2026-08-04,21:55,6,许昌
2026-08-04,21:56,6,许昌
2026-08-04,21:57,7,汉中
2026-08-04,21:58,5,长安
2026-08-04,21:59,5,长安
2026-08-04,22:00,3,建业
2026-08-04,22:01,2,成都
2026-08-04,22:02,6,许昌
2026-08-04,22:03,4,荆州
2026-08-04,22:04,7,汉中
2026-08-04,22:05,6,许昌
2026-08-04,22:06,7,汉中
2026-08-04,22:07,7,汉中
2026-08-04,22:08,6,许昌
2026-08-04,22:09,7,汉中
2026-08-04,22:10,5,长安
2026-08-04,22:11,7,汉中
2026-08-04,22:12,5,长安
2026-08-04,22:13,4,荆州
2026-08-04,22:14,5,长安
2026-08-04,22:15,6,许昌
2026-08-04,22:16,5,长安
2026-08-04,22:17,5,长安
2026-08-04,22:18,2,成都
2026-08-04,22:19,4,荆州
2026-08-04,22:20,6,许昌
2026-08-04,22:21,6,许昌
2026-08-04,22:22,6,许昌
2026-08-04,22:23,7,汉中
2026-08-04,22:24,5,长安
2026-08-04,22:25,7,汉中
2026-08-04,22:26,5,长安
2026-08-04,22:27,7,汉中
2026-08-04,22:28,5,长安
2026-08-04,22:29,1,洛阳
2026-08-04,22:30,6,许昌
2026-08-04,22:31,3,建业
2026-08-04,22:32,3,建业
2026-08-04,22:33,7,汉中
2026-08-04,22:34,6,许昌
2026-08-04,22:35,5,长安
2026-08-04,22:36,6,许昌
2026-08-04,22:37,1,洛阳
2026-08-04,22:38,6,许昌
2026-08-04,22:39,2,成都
2026-08-04,22:40,1,洛阳
2026-08-04,22:41,3,建业
2026-08-04,22:42,6,许昌
2026-08-04,22:43,7,汉中
2026-08-04,22:44,5,长安
2026-08-04,22:45,6,许昌
2026-08-04,22:46,5,长安
2026-08-04,22:47,2,成都
2026-08-04,22:48,4,荆州
2026-08-04,22:49,7,汉中
2026-08-04,22:50,6,许昌
2026-08-04,22:51,4,荆州
2026-08-04,22:52,7,汉中
2026-08-04,22:53,2,成都
2026-08-04,22:54,5,长安
2026-08-04,22:55,5,长安
2026-08-04,22:56,3,建业
2026-08-04,22:57,6,许昌
2026-08-04,22:58,5,长安
2026-08-04,22:59,7,汉中
2026-08-04,23:00,1,洛阳
2026-08-04,23:01,6,许昌
2026-08-04,23:02,7,汉中
2026-08-04,23:03,7,汉中
2026-08-04,23:04,4,荆州
2026-08-04,23:05,2,成都
2026-08-04,23:06,6,许昌
2026-08-04,23:07,2,成都
2026-08-04,23:08,7,汉中
2026-08-04,23:09,5,长安
2026-08-04,23:10,6,许昌
2026-08-04,23:11,7,汉中
2026-08-04,23:12,6,许昌
2026-08-04,23:13,7,汉中
2026-08-04,23:14,5,长安
2026-08-04,23:15,7,汉中
2026-08-04,23:16,6,许昌
2026-08-04,23:17,7,汉中
2026-08-04,23:18,2,成都
2026-08-04,23:19,7,汉中
2026-08-04,23:20,7,汉中
2026-08-04,23:21,6,许昌
2026-08-04,23:22,7,汉中
2026-08-04,23:23,7,汉中
2026-08-04,23:24,4,荆州
2026-08-04,23:25,5,长安
2026-08-04,23:26,6,许昌
2026-08-04,23:27,5,长安
2026-08-04,23:28,3,建业
2026-08-04,23:29,6,许昌
2026-08-04,23:30,5,长安
2026-08-04,23:31,4,荆州
2026-08-04,23:32,7,汉中
2026-08-04,23:33,6,许昌
2026-08-04,23:34,3,建业
2026-08-04,23:35,5,长安
2026-08-04,23:36,5,长安
2026-08-04,23:37,5,长安
2026-08-04,23:38,5,长安
2026-08-04,23:39,3,建业
2026-08-04,23:40,6,许昌
2026-08-04,23:41,7,汉中
2026-08-04,23:42,7,汉中
2026-08-04,23:43,7,汉中
2026-08-04,23:44,5,长安
2026-08-04,23:45,6,许昌
2026-08-04,23:46,5,长安
2026-08-04,23:47,7,汉中
2026-08-04,23:48,3,建业
2026-08-04,23:49,7,汉中
2026-08-04,23:50,1,洛阳
2026-08-04,23:51,5,长安
2026-08-04,23:52,5,长安
2026-08-04,23:53,3,建业
2026-08-04,23:54,4,荆州
2026-08-04,23:55,5,长安
2026-08-04,23:56,5,长安
2026-08-04,23:57,6,许昌
2026-08-04,23:58,6,许昌
2026-08-04,23:59,3,建业
2026-08-05,00:00,6,许昌
2026-08-05,00:01,6,许昌
2026-08-05,00:02,5,长安
2026-08-05,00:03,7,汉中
2026-08-05,00:04,6,许昌
2026-08-05,00:05,3,建业
2026-08-05,00:06,7,汉中
2026-08-05,00:07,7,汉中
2026-08-05,00:08,7,汉中
2026-08-05,00:09,5,长安
2026-08-05,00:10,6,许昌
2026-08-05,00:11,7,汉中
2026-08-05,00:12,5,长安
2026-08-05,00:13,6,许昌
2026-08-05,00:14,7,汉中
2026-08-05,00:15,6,许昌
2026-08-05,00:16,3,建业
2026-08-05,00:17,7,汉中
2026-08-05,00:18,5,长安
2026-08-05,00:19,5,长安
2026-08-05,00:20,7,汉中
2026-08-05,00:21,7,汉中
2026-08-05,00:22,6,许昌
2026-08-05,00:23,6,许昌
2026-08-05,00:24,7,汉中
2026-08-05,00:25,3,建业
2026-08-05,00:26,6,许昌
2026-08-05,00:27,6,许昌
2026-08-05,00:28,5,长安
2026-08-05,00:29,6,许昌
2026-08-05,00:30,7,汉中
2026-08-05,00:31,6,许昌
2026-08-05,00:32,6,许昌
2026-08-05,00:33,7,汉中
2026-08-05,00:34,7,汉中
2026-08-05,00:35,4,荆州
2026-08-05,00:36,7,汉中
2026-08-05,00:37,3,建业
2026-08-05,00:38,3,建业
2026-08-05,00:39,4,荆州
2026-08-05,00:40,5,长安
2026-08-05,00:41,7,汉中
2026-08-05,00:42,4,荆州
2026-08-05,00:43,5,长安
2026-08-05,00:44,7,汉中
2026-08-05,00:45,7,汉中
2026-08-05,00:46,7,汉中
2026-08-05,00:47,3,建业
2026-08-05,00:48,6,许昌
2026-08-05,00:49,4,荆州
2026-08-05,00:50,6,许昌
2026-08-05,00:51,7,汉中
2026-08-05,00:52,7,汉中
2026-08-05,00:53,5,长安
2026-08-05,00:54,5,长安
2026-08-05,00:55,5,长安
2026-08-05,00:56,7,汉中
2026-08-05,00:57,5,长安
2026-08-05,00:58,7,汉中
2026-08-05,00:59,3,建业
2026-08-05,01:00,5,长安
2026-08-05,01:01,5,长安
2026-08-05,01:02,4,荆州
2026-08-05,01:03,5,长安
2026-08-05,01:04,5,长安
2026-08-05,01:05,5,长安
2026-08-05,01:06,5,长安
2026-08-05,01:07,7,汉中
2026-08-05,01:08,7,汉中
2026-08-05,01:09,5,长安
2026-08-05,01:10,7,汉中
2026-08-05,01:11,6,许昌
2026-08-05,01:12,7,汉中
2026-08-05,01:13,6,许昌
2026-08-05,01:14,6,许昌
2026-08-05,01:15,7,汉中
2026-08-05,01:16,2,成都
2026-08-05,01:17,4,荆州
2026-08-05,01:18,6,许昌
2026-08-05,01:19,7,汉中
2026-08-05,01:20,7,汉中
2026-08-05,01:21,5,长安
2026-08-05,01:22,6,许昌
2026-08-05,01:23,7,汉中
2026-08-05,01:24,1,洛阳
2026-08-05,01:25,3,建业
2026-08-05,01:26,7,汉中
2026-08-05,01:27,6,许昌
2026-08-05,01:28,7,汉中
2026-08-05,01:29,5,长安
2026-08-05,01:30,5,长安
2026-08-05,01:31,5,长安
2026-08-05,01:32,5,长安
2026-08-05,01:33,5,长安
2026-08-05,01:34,5,长安
2026-08-05,01:35,4,荆州
2026-08-05,01:36,6,许昌
2026-08-05,01:37,6,许昌
2026-08-05,01:38,5,长安
2026-08-05,01:39,7,汉中
2026-08-05,01:40,6,许昌
2026-08-05,01:41,4,荆州
2026-08-05,01:42,7,汉中
2026-08-05,01:43,7,汉中
2026-08-05,01:44,5,长安
2026-08-05,01:45,6,许昌
2026-08-05,01:46,7,汉中
2026-08-05,01:47,6,许昌
2026-08-05,01:48,3,建业
2026-08-05,01:49,7,汉中
2026-08-05,01:50,4,荆州
2026-08-05,01:51,7,汉中
2026-08-05,01:52,4,荆州
2026-08-05,01:53,6,许昌
2026-08-05,01:54,6,许昌
2026-08-05,01:55,6,许昌
2026-08-05,01:56,6,许昌
2026-08-05,01:57,7,汉中
2026-08-05,01:58,7,汉中
2026-08-05,01:59,6,许昌
2026-08-05,02:00,4,荆州
2026-08-05,02:01,5,长安
2026-08-05,02:02,5,长安
2026-08-05,02:03,5,长安
2026-08-05,02:04,5,长安
2026-08-05,02:05,6,许昌
2026-08-05,02:06,2,成都
2026-08-05,02:07,6,许昌
2026-08-05,02:08,5,长安
2026-08-05,02:09,7,汉中
2026-08-05,02:10,2,成都
2026-08-05,02:11,5,长安
2026-08-05,02:12,4,荆州
2026-08-05,02:13,7,汉中
2026-08-05,02:14,5,长安
2026-08-05,02:15,6,许昌
2026-08-05,02:16,5,长安
2026-08-05,02:17,7,汉中
2026-08-05,02:18,3,建业
2026-08-05,02:19,6,许昌
2026-08-05,02:20,6,许昌
2026-08-05,02:21,5,长安
2026-08-05,02:22,5,长安
2026-08-05,02:23,7,汉中
2026-08-05,02:24,7,汉中
2026-08-05,02:25,4,荆州
2026-08-05,02:26,5,长安
2026-08-05,02:27,5,长安
2026-08-05,02:28,7,汉中
2026-08-05,02:29,7,汉中
2026-08-05,02:30,6,许昌
2026-08-05,02:31,5,长安
2026-08-05,02:32,2,成都
2026-08-05,02:33,7,汉中
2026-08-05,02:34,6,许昌
2026-08-05,02:35,5,长安
2026-08-05,02:36,1,洛阳
2026-08-05,02:37,6,许昌
2026-08-05,02:38,2,成都
2026-08-05,02:39,7,汉中
2026-08-05,02:40,5,长安
2026-08-05,02:41,7,汉中
2026-08-05,02:42,6,许昌
2026-08-05,02:43,5,长安
2026-08-05,02:44,5,长安
2026-08-05,02:45,5,长安
2026-08-05,02:46,4,荆州
2026-08-05,02:47,5,长安
2026-08-05,02:48,4,荆州
2026-08-05,02:49,6,许昌
2026-08-05,02:50,5,长安
2026-08-05,02:51,5,长安
2026-08-05,02:52,3,建业
2026-08-05,02:53,4,荆州
2026-08-05,02:54,5,长安
2026-08-05,02:55,7,汉中
2026-08-05,02:56,4,荆州
2026-08-05,02:57,5,长安
2026-08-05,02:58,6,许昌
2026-08-05,02:59,6,许昌
2026-08-05,03:00,7,汉中
2026-08-05,03:01,6,许昌
2026-08-05,03:02,6,许昌
2026-08-05,03:03,6,许昌
2026-08-05,03:04,1,洛阳
2026-08-05,03:05,4,荆州
2026-08-05,03:06,5,长安
2026-08-05,03:07,4,荆州
2026-08-05,03:08,7,汉中
2026-08-05,03:09,4,荆州
2026-08-05,03:10,5,长安
2026-08-05,03:11,5,长安
2026-08-05,03:12,5,长安
2026-08-05,03:13,5,长安
2026-08-05,03:14,2,成都
2026-08-05,03:15,4,荆州
2026-08-05,03:16,5,长安
2026-08-05,03:17,6,许昌
2026-08-05,03:18,6,许昌
2026-08-05,03:19,7,汉中
2026-08-05,03:20,6,许昌
2026-08-05,03:21,5,长安
2026-08-05,03:22,3,建业
2026-08-05,03:23,4,荆州
2026-08-05,03:24,7,汉中
2026-08-05,03:25,5,长安
2026-08-05,03:26,2,成都
2026-08-05,03:27,7,汉中
2026-08-05,03:28,7,汉中
2026-08-05,03:29,5,长安
2026-08-05,03:30,6,许昌
2026-08-05,03:31,5,长安
2026-08-05,03:32,5,长安
2026-08-05,03:33,6,许昌
2026-08-05,03:34,7,汉中
2026-08-05,03:35,3,建业
2026-08-05,03:36,5,长安
2026-08-05,03:37,4,荆州
2026-08-05,03:38,3,建业
2026-08-05,03:39,7,汉中
2026-08-05,03:40,7,汉中
2026-08-05,03:41,7,汉中
2026-08-05,03:42,2,成都
2026-08-05,03:43,5,长安
2026-08-05,03:44,4,荆州
2026-08-05,03:45,7,汉中
2026-08-05,03:46,6,许昌
2026-08-05,03:47,4,荆州
2026-08-05,03:48,6,许昌
2026-08-05,03:49,5,长安
2026-08-05,03:50,7,汉中
2026-08-05,03:51,7,汉中
2026-08-05,03:52,5,长安
2026-08-05,03:53,6,许昌
2026-08-05,03:54,6,许昌
2026-08-05,03:55,7,汉中
2026-08-05,03:56,3,建业
2026-08-05,03:57,6,许昌
2026-08-05,03:58,5,长安
2026-08-05,03:59,4,荆州
2026-08-05,04:00,7,汉中
2026-08-05,04:01,2,成都
2026-08-05,04:02,1,洛阳
2026-08-05,04:03,4,荆州
2026-08-05,04:04,7,汉中
2026-08-05,04:05,6,许昌
2026-08-05,04:06,4,荆州
2026-08-05,04:07,6,许昌
2026-08-05,04:08,5,长安
2026-08-05,04:09,7,汉中
2026-08-05,04:10,7,汉中
2026-08-05,04:11,7,汉中
2026-08-05,04:12,5,长安
2026-08-05,04:13,5,长安
2026-08-05,04:14,6,许昌
2026-08-05,04:15,6,许昌
2026-08-05,04:16,6,许昌
2026-08-05,04:17,5,长安
2026-08-05,04:18,6,许昌
2026-08-05,04:19,5,长安
2026-08-05,04:20,7,汉中
2026-08-05,04:21,5,长安
2026-08-05,04:22,7,汉中
2026-08-05,04:23,7,汉中
2026-08-05,04:24,7,汉中
2026-08-05,04:25,6,许昌
2026-08-05,04:26,6,许昌
2026-08-05,04:27,6,许昌
2026-08-05,04:28,5,长安
2026-08-05,04:29,7,汉中
2026-08-05,04:30,4,荆州
2026-08-05,04:31,6,许昌
2026-08-05,04:32,3,建业
2026-08-05,04:33,5,长安
2026-08-05,04:34,7,汉中
2026-08-05,04:35,6,许昌
2026-08-05,04:36,4,荆州
2026-08-05,04:37,6,许昌
2026-08-05,04:38,7,汉中
2026-08-05,04:39,2,成都
2026-08-05,04:40,4,荆州
2026-08-05,04:41,6,许昌
2026-08-05,04:42,4,荆州
2026-08-05,04:43,4,荆州
2026-08-05,04:44,5,长安
2026-08-05,04:45,6,许昌
2026-08-05,04:46,5,长安
2026-08-05,04:47,4,荆州
2026-08-05,04:48,4,荆州
2026-08-05,04:49,3,建业
2026-08-05,04:50,3,建业
2026-08-05,04:51,7,汉中
2026-08-05,04:52,6,许昌
2026-08-05,04:53,5,长安
2026-08-05,04:54,7,汉中
2026-08-05,04:55,5,长安
2026-08-05,04:56,5,长安
2026-08-05,04:57,6,许昌
2026-08-05,04:58,3,建业
2026-08-05,04:59,5,长安
2026-08-05,05:00,3,建业
2026-08-05,05:01,3,建业
2026-08-05,05:02,5,长安
2026-08-05,05:03,5,长安
2026-08-05,05:04,6,许昌
2026-08-05,05:05,1,洛阳
2026-08-05,05:06,2,成都
2026-08-05,05:07,6,许昌
2026-08-05,05:08,7,汉中
2026-08-05,05:09,1,洛阳
2026-08-05,05:10,1,洛阳
2026-08-05,05:11,5,长安
2026-08-05,05:12,6,许昌
2026-08-05,05:13,7,汉中
2026-08-05,05:14,5,长安
2026-08-05,05:15,5,长安
2026-08-05,05:16,6,许昌
2026-08-05,05:17,7,汉中
2026-08-05,05:18,6,许昌
2026-08-05,05:19,7,汉中
2026-08-05,05:20,5,长安
2026-08-05,05:21,5,长安
2026-08-05,05:22,6,许昌
2026-08-05,05:23,6,许昌
2026-08-05,05:24,2,成都
2026-08-05,05:25,3,建业
2026-08-05,05:26,7,汉中
2026-08-05,05:27,7,汉中
2026-08-05,05:28,7,汉中
2026-08-05,05:29,7,汉中
2026-08-05,05:30,7,汉中
2026-08-05,05:31,6,许昌
2026-08-05,05:32,6,许昌
2026-08-05,05:33,7,汉中
2026-08-05,05:34,7,汉中
2026-08-05,05:35,4,荆州
2026-08-05,05:36,4,荆州
2026-08-05,05:37,7,汉中
2026-08-05,05:38,6,许昌
2026-08-05,05:39,4,荆州
2026-08-05,05:40,5,长安
2026-08-05,05:41,5,长安
2026-08-05,05:42,3,建业
2026-08-05,05:43,6,许昌
2026-08-05,05:44,6,许昌
2026-08-05,05:45,7,汉中
2026-08-05,05:46,7,汉中
2026-08-05,05:47,3,建业
2026-08-05,05:48,2,成都
2026-08-05,05:49,4,荆州
2026-08-05,05:50,6,许昌
2026-08-05,05:51,6,许昌
2026-08-05,05:52,5,长安
2026-08-05,05:53,4,荆州
2026-08-05,05:54,5,长安
2026-08-05,05:55,5,长安
2026-08-05,05:56,5,长安
2026-08-05,05:57,3,建业
2026-08-05,05:58,2,成都
2026-08-05,05:59,7,汉中
2026-08-05,06:00,5,长安
2026-08-05,06:01,5,长安
2026-08-05,06:02,2,成都
2026-08-05,06:03,6,许昌
2026-08-05,06:04,7,汉中
2026-08-05,06:05,5,长安
2026-08-05,06:06,3,建业
2026-08-05,06:07,7,汉中
2026-08-05,06:08,7,汉中
2026-08-05,06:09,7,汉中
2026-08-05,06:10,3,建业
2026-08-05,06:11,7,汉中
2026-08-05,06:12,4,荆州
2026-08-05,06:13,5,长安
2026-08-05,06:14,5,长安
2026-08-05,06:15,6,许昌
2026-08-05,06:16,6,许昌
2026-08-05,06:17,7,汉中
2026-08-05,06:18,2,成都
2026-08-05,06:19,5,长安
2026-08-05,06:20,5,长安
2026-08-05,06:21,6,许昌
2026-08-05,06:22,7,汉中
2026-08-05,06:23,7,汉中
2026-08-05,06:24,3,建业
2026-08-05,06:25,5,长安
2026-08-05,06:26,6,许昌
2026-08-05,06:27,3,建业
2026-08-05,06:28,7,汉中
2026-08-05,06:29,5,长安
2026-08-05,06:30,2,成都
2026-08-05,06:31,4,荆州
2026-08-05,06:32,7,汉中
2026-08-05,06:33,2,成都
2026-08-05,08:07,6,许昌
2026-08-05,08:08,7,汉中
2026-08-05,08:09,4,荆州
2026-08-05,08:10,7,汉中
2026-08-05,08:11,1,洛阳
2026-08-05,08:12,6,许昌
2026-08-05,08:13,7,汉中
2026-08-05,08:14,6,许昌
2026-08-05,08:15,7,汉中
2026-08-05,08:16,6,许昌
2026-08-05,08:17,5,长安
2026-08-05,08:18,5,长安
2026-08-05,08:19,6,许昌
2026-08-05,08:20,5,长安
2026-08-05,08:21,5,长安
2026-08-05,08:22,2,成都
2026-08-05,08:23,6,许昌
2026-08-05,08:24,6,许昌
2026-08-05,08:25,4,荆州
2026-08-05,08:26,6,许昌
2026-08-05,08:27,5,长安
2026-08-05,08:28,7,汉中
2026-08-05,08:29,4,荆州
2026-08-05,08:30,6,许昌
2026-08-05,08:31,5,长安
2026-08-05,08:32,7,汉中
2026-08-05,08:33,5,长安
2026-08-05,08:34,3,建业
2026-08-05,08:35,4,荆州
2026-08-05,08:36,4,荆州
2026-08-05,08:37,7,汉中
2026-08-05,08:38,7,汉中
2026-08-05,08:39,6,许昌
2026-08-05,08:40,6,许昌
2026-08-05,08:41,7,汉中
2026-08-05,08:42,5,长安
2026-08-05,08:43,5,长安
2026-08-05,08:44,1,洛阳
2026-08-05,08:45,5,长安
2026-08-05,08:46,5,长安
2026-08-05,08:47,5,长安
2026-08-05,08:48,6,许昌
2026-08-05,08:49,4,荆州
2026-08-05,08:50,6,许昌
2026-08-05,08:51,2,成都
2026-08-05,08:52,7,汉中
2026-08-05,08:53,5,长安
2026-08-05,08:54,7,汉中
2026-08-05,08:55,7,汉中
2026-08-05,08:56,4,荆州
2026-08-05,08:57,7,汉中
2026-08-05,08:58,7,汉中
2026-08-05,08:59,6,许昌
2026-08-05,09:00,6,许昌
2026-08-05,09:01,7,汉中
2026-08-05,09:02,7,汉中
2026-08-05,09:03,5,长安
2026-08-05,09:04,5,长安
2026-08-05,09:05,7,汉中
2026-08-05,09:06,4,荆州
2026-08-05,09:07,1,洛阳
2026-08-05,09:08,5,长安
2026-08-05,09:09,5,长安
2026-08-05,09:10,4,荆州
2026-08-05,09:11,3,建业
2026-08-05,09:12,7,汉中
2026-08-05,09:13,5,长安
2026-08-05,09:14,7,汉中
2026-08-05,09:15,4,荆州
2026-08-05,09:16,2,成都
2026-08-05,09:17,3,建业
2026-08-05,09:18,2,成都
2026-08-05,09:19,3,建业
2026-08-05,09:20,7,汉中
2026-08-05,09:21,2,成都
2026-08-05,09:22,5,长安
2026-08-05,09:23,5,长安
2026-08-05,09:24,4,荆州
2026-08-05,09:25,5,长安
2026-08-05,09:26,3,建业
2026-08-05,09:27,5,长安
2026-08-05,09:28,6,许昌
2026-08-05,09:29,6,许昌
2026-08-05,09:30,5,长安
2026-08-05,09:31,7,汉中
2026-08-05,09:32,5,长安
2026-08-05,09:33,6,许昌
2026-08-05,09:34,7,汉中
2026-08-05,09:35,6,许昌
2026-08-05,09:36,6,许昌
2026-08-05,09:37,1,洛阳
2026-08-05,09:38,5,长安
2026-08-05,09:39,5,长安
2026-08-05,09:40,5,长安
2026-08-05,09:41,5,长安
2026-08-05,09:42,7,汉中
2026-08-05,09:43,6,许昌
2026-08-05,09:44,6,许昌
2026-08-05,09:45,2,成都
2026-08-05,09:46,7,汉中
2026-08-05,09:47,3,建业
2026-08-05,09:48,7,汉中
2026-08-05,09:49,3,建业
2026-08-05,09:50,2,成都
2026-08-05,09:51,5,长安
2026-08-05,09:52,4,荆州
2026-08-05,09:53,1,洛阳
2026-08-05,09:54,5,长安
2026-08-05,09:55,7,汉中
2026-08-05,09:56,1,洛阳
2026-08-05,09:57,5,长安
2026-08-05,09:58,7,汉中
2026-08-05,09:59,7,汉中
2026-08-05,10:00,2,成都
2026-08-05,10:01,5,长安
2026-08-05,10:02,4,荆州
2026-08-05,10:03,6,许昌
2026-08-05,10:04,5,长安
2026-08-05,10:05,3,建业
2026-08-05,10:06,4,荆州
2026-08-05,10:07,7,汉中
2026-08-05,10:08,6,许昌
2026-08-05,10:09,7,汉中
2026-08-05,10:10,4,荆州
2026-08-05,10:11,7,汉中
2026-08-05,10:12,6,许昌
2026-08-05,10:13,7,汉中
2026-08-05,10:14,4,荆州
2026-08-05,10:15,5,长安
2026-08-05,10:16,5,长安
2026-08-05,10:17,7,汉中
2026-08-05,10:18,5,长安
2026-08-05,10:19,5,长安
2026-08-05,10:20,6,许昌
2026-08-05,10:21,5,长安
2026-08-05,10:22,7,汉中
2026-08-05,10:23,4,荆州
2026-08-05,10:24,7,汉中
2026-08-05,10:25,3,建业
2026-08-05,10:26,4,荆州
2026-08-05,10:27,7,汉中
2026-08-05,10:28,6,许昌
2026-08-05,10:29,6,许昌
2026-08-05,10:30,7,汉中
2026-08-05,10:31,2,成都
2026-08-05,10:32,5,长安
2026-08-05,10:33,3,建业
2026-08-05,10:34,6,许昌
2026-08-05,10:35,3,建业
2026-08-05,10:36,7,汉中
2026-08-05,10:37,4,荆州
2026-08-05,10:38,6,许昌
2026-08-05,10:39,5,长安
2026-08-05,10:40,6,许昌
2026-08-05,10:41,7,汉中
2026-08-05,10:42,1,洛阳
2026-08-05,10:43,6,许昌
2026-08-05,10:44,6,许昌
2026-08-05,10:45,5,长安
2026-08-05,10:46,7,汉中
2026-08-05,10:47,6,许昌
2026-08-05,10:48,3,建业
2026-08-05,10:49,6,许昌
2026-08-05,10:50,3,建业
2026-08-05,10:51,7,汉中
2026-08-05,10:52,2,成都
2026-08-05,10:53,6,许昌
2026-08-05,10:54,6,许昌
2026-08-05,10:55,7,汉中
2026-08-05,10:56,7,汉中
2026-08-05,10:57,5,长安
2026-08-05,10:58,7,汉中
2026-08-05,10:59,7,汉中
2026-08-05,11:00,6,许昌
2026-08-05,11:01,6,许昌
2026-08-05,11:02,5,长安
2026-08-05,11:03,5,长安
2026-08-05,11:04,7,汉中
2026-08-05,11:05,7,汉中
2026-08-05,11:06,5,长安
2026-08-05,11:07,7,汉中
2026-08-05,11:08,7,汉中
2026-08-05,11:09,5,长安
2026-08-05,11:10,6,许昌
2026-08-05,11:11,5,长安
2026-08-05,11:12,7,汉中
2026-08-05,11:13,5,长安
2026-08-05,11:14,5,长安
2026-08-05,11:15,7,汉中
2026-08-05,11:16,7,汉中
2026-08-05,11:17,1,洛阳
2026-08-05,11:18,4,荆州
2026-08-05,11:19,3,建业
2026-08-05,11:20,6,许昌
2026-08-05,11:21,6,许昌
2026-08-05,11:22,5,长安
2026-08-05,11:23,7,汉中
2026-08-05,11:24,5,长安
2026-08-05,11:25,6,许昌
2026-08-05,11:26,6,许昌
2026-08-05,11:27,7,汉中
2026-08-05,11:28,1,洛阳
2026-08-05,11:29,3,建业
2026-08-05,11:30,4,荆州
2026-08-05,11:31,7,汉中
2026-08-05,11:32,4,荆州
2026-08-05,11:33,7,汉中
2026-08-05,11:34,3,建业
2026-08-05,11:35,6,许昌
2026-08-05,11:36,6,许昌
2026-08-05,11:37,7,汉中
2026-08-05,11:38,2,成都
2026-08-05,11:39,7,汉中
2026-08-05,11:40,5,长安
2026-08-05,11:41,4,荆州
2026-08-05,11:42,5,长安
2026-08-05,11:43,5,长安
2026-08-05,11:44,7,汉中
2026-08-05,11:45,4,荆州
2026-08-05,11:46,5,长安
2026-08-05,11:47,6,许昌
2026-08-05,11:48,5,长安
2026-08-05,11:49,2,成都
2026-08-05,11:50,5,长安
2026-08-05,11:51,6,许昌
2026-08-05,11:52,7,汉中
2026-08-05,11:53,6,许昌
2026-08-05,11:54,3,建业
2026-08-05,11:55,2,成都
2026-08-05,11:56,2,成都
2026-08-05,11:57,3,建业
2026-08-05,11:58,6,许昌
2026-08-05,11:59,7,汉中
2026-08-05,12:00,3,建业
2026-08-05,12:01,6,许昌
2026-08-05,12:02,7,汉中
2026-08-05,12:03,5,长安
2026-08-05,12:04,5,长安
2026-08-05,12:05,4,荆州
2026-08-05,12:06,7,汉中
2026-08-05,12:07,7,汉中
2026-08-05,12:08,6,许昌
2026-08-05,12:09,7,汉中
2026-08-05,12:10,5,长安
2026-08-05,12:11,5,长安
2026-08-05,12:12,6,许昌
2026-08-05,12:13,2,成都
2026-08-05,12:14,7,汉中
2026-08-05,12:15,7,汉中
2026-08-05,12:16,4,荆州
2026-08-05,12:17,7,汉中
2026-08-05,12:18,5,长安
2026-08-05,12:19,6,许昌
2026-08-05,12:20,2,成都
2026-08-05,12:21,5,长安
2026-08-05,12:22,3,建业
2026-08-05,12:23,7,汉中
2026-08-05,12:24,4,荆州
2026-08-05,12:25,7,汉中
2026-08-05,12:26,2,成都
2026-08-05,12:27,7,汉中
2026-08-05,12:28,5,长安
2026-08-05,12:29,6,许昌
2026-08-05,12:30,4,荆州
2026-08-05,12:31,6,许昌
2026-08-05,12:32,7,汉中
2026-08-05,12:33,6,许昌
2026-08-05,12:34,5,长安
2026-08-05,12:35,6,许昌
2026-08-05,12:36,1,洛阳
2026-08-05,12:37,7,汉中
2026-08-05,12:38,5,长安
2026-08-05,12:39,5,长安
2026-08-05,12:40,6,许昌
2026-08-05,12:41,7,汉中
2026-08-05,12:42,6,许昌
2026-08-05,12:43,6,许昌
2026-08-05,12:44,5,长安
2026-08-05,12:45,6,许昌
2026-08-05,12:46,5,长安
2026-08-05,12:47,7,汉中
2026-08-05,12:48,4,荆州
2026-08-05,12:49,5,长安
2026-08-05,12:50,5,长安
2026-08-05,12:51,7,汉中
2026-08-05,12:52,3,建业
2026-08-05,12:53,7,汉中
2026-08-05,12:54,4,荆州
2026-08-05,12:55,6,许昌
2026-08-05,12:56,5,长安
2026-08-05,12:57,5,长安
2026-08-05,12:58,6,许昌
2026-08-05,12:59,4,荆州
2026-08-05,13:00,5,长安
2026-08-05,13:01,7,汉中
2026-08-05,13:02,6,许昌
2026-08-05,13:03,6,许昌
2026-08-05,13:04,6,许昌
2026-08-05,13:05,4,荆州
2026-08-05,13:06,4,荆州
2026-08-05,13:07,4,荆州
2026-08-05,13:08,5,长安
2026-08-05,13:09,2,成都
2026-08-05,13:10,5,长安
2026-08-05,13:11,6,许昌
2026-08-05,13:12,4,荆州
2026-08-05,13:13,7,汉中
2026-08-05,13:14,5,长安
2026-08-05,13:15,6,许昌
2026-08-05,13:16,6,许昌
2026-08-05,13:17,7,汉中
2026-08-05,13:18,5,长安
2026-08-05,13:19,7,汉中
2026-08-05,13:20,6,许昌
2026-08-05,13:21,7,汉中
2026-08-05,13:22,4,荆州
2026-08-05,13:23,6,许昌
2026-08-05,13:24,1,洛阳
2026-08-05,13:25,2,成都
2026-08-05,13:26,7,汉中
2026-08-05,13:27,7,汉中
2026-08-05,13:28,5,长安
2026-08-05,13:29,7,汉中
2026-08-05,13:30,6,许昌
2026-08-05,13:31,6,许昌
2026-08-05,13:32,3,建业
2026-08-05,13:33,4,荆州
2026-08-05,13:34,6,许昌
2026-08-05,13:35,5,长安
2026-08-05,13:36,5,长安
2026-08-05,13:37,4,荆州
2026-08-05,13:38,2,成都
2026-08-05,13:39,6,许昌
2026-08-05,13:40,5,长安
2026-08-05,13:41,2,成都
2026-08-05,13:42,3,建业
2026-08-05,13:43,6,许昌
2026-08-05,13:44,7,汉中
2026-08-05,13:45,6,许昌
2026-08-05,13:46,7,汉中
2026-08-05,13:47,4,荆州
2026-08-05,13:48,6,许昌
2026-08-05,13:49,6,许昌
2026-08-05,13:50,6,许昌
2026-08-05,13:51,5,长安
2026-08-05,13:52,1,洛阳
2026-08-05,13:53,7,汉中
2026-08-05,13:54,7,汉中
2026-08-05,13:55,7,汉中
2026-08-05,13:56,1,洛阳
2026-08-05,13:57,5,长安
2026-08-05,13:58,4,荆州
2026-08-05,13:59,6,许昌
2026-08-05,14:00,5,长安
2026-08-05,14:01,7,汉中
2026-08-05,14:02,5,长安
2026-08-05,14:03,6,许昌
2026-08-05,14:04,7,汉中
2026-08-05,14:05,7,汉中
2026-08-05,14:06,5,长安
2026-08-05,14:07,1,洛阳
2026-08-05,14:08,4,荆州
2026-08-05,14:09,6,许昌
2026-08-05,14:10,7,汉中
2026-08-05,14:11,7,汉中
2026-08-05,14:12,7,汉中
2026-08-05,14:13,5,长安
2026-08-05,14:14,7,汉中
2026-08-05,14:15,6,许昌
2026-08-05,14:16,5,长安
2026-08-05,14:17,5,长安
2026-08-05,14:18,3,建业
2026-08-05,14:19,5,长安
2026-08-05,14:20,6,许昌
2026-08-05,14:21,5,长安
2026-08-05,14:22,7,汉中
2026-08-05,14:23,4,荆州
2026-08-05,14:24,6,许昌
2026-08-05,14:25,6,许昌
2026-08-05,14:26,6,许昌
2026-08-05,14:27,3,建业
2026-08-05,14:28,3,建业
2026-08-05,14:29,5,长安
2026-08-05,14:30,7,汉中
2026-08-05,14:31,6,许昌
2026-08-05,14:32,7,汉中
2026-08-05,14:33,5,长安
2026-08-05,14:34,4,荆州
2026-08-05,14:35,6,许昌
2026-08-05,14:36,2,成都
2026-08-05,14:37,6,许昌
2026-08-05,14:38,7,汉中
2026-08-05,14:39,6,许昌
2026-08-05,14:40,6,许昌
2026-08-05,14:41,7,汉中
2026-08-05,14:42,7,汉中
2026-08-05,14:43,6,许昌
2026-08-05,14:44,7,汉中
2026-08-05,14:45,1,洛阳
2026-08-05,14:46,6,许昌
2026-08-05,14:47,7,汉中
2026-08-05,14:48,5,长安
2026-08-05,14:49,5,长安
2026-08-05,14:50,5,长安
2026-08-05,14:51,6,许昌
2026-08-05,14:52,5,长安
2026-08-05,14:53,3,建业
2026-08-05,14:54,1,洛阳
2026-08-05,14:55,5,长安
2026-08-05,14:56,7,汉中
2026-08-05,14:57,6,许昌
2026-08-05,14:58,6,许昌
2026-08-05,14:59,5,长安
2026-08-05,15:00,7,汉中
2026-08-05,15:01,6,许昌
2026-08-05,15:02,3,建业
2026-08-05,15:03,5,长安
2026-08-05,15:04,7,汉中
2026-08-05,15:05,1,洛阳
2026-08-05,15:06,2,成都
2026-08-05,15:07,5,长安
2026-08-05,15:08,7,汉中
2026-08-05,15:09,7,汉中
2026-08-05,15:10,5,长安
2026-08-05,15:11,6,许昌
2026-08-05,15:12,6,许昌
2026-08-05,15:13,5,长安
2026-08-05,15:14,4,荆州
2026-08-05,15:15,5,长安
2026-08-05,15:16,7,汉中
2026-08-05,15:17,4,荆州
2026-08-05,15:18,6,许昌
2026-08-05,15:19,7,汉中
2026-08-05,15:20,7,汉中
2026-08-05,15:21,3,建业
2026-08-05,15:22,5,长安
2026-08-05,15:23,5,长安
2026-08-05,15:24,1,洛阳
2026-08-05,15:25,7,汉中
2026-08-05,15:26,6,许昌
2026-08-05,15:27,6,许昌
2026-08-05,15:28,4,荆州
2026-08-05,15:29,7,汉中
2026-08-05,15:30,5,长安
2026-08-05,15:31,2,成都
2026-08-05,15:32,7,汉中
2026-08-05,15:33,5,长安
2026-08-05,15:34,1,洛阳
2026-08-05,15:35,7,汉中
2026-08-05,15:36,4,荆州
2026-08-05,15:37,6,许昌
2026-08-05,15:38,5,长安
2026-08-05,15:39,3,建业
2026-08-05,15:40,5,长安
2026-08-05,15:41,2,成都
2026-08-05,15:42,4,荆州
2026-08-05,15:43,7,汉中
2026-08-05,15:44,4,荆州
2026-08-05,15:45,7,汉中
2026-08-05,15:46,2,成都
2026-08-05,15:47,7,汉中
2026-08-05,15:48,7,汉中
2026-08-05,15:49,6,许昌
2026-08-05,15:50,5,长安
2026-08-05,15:51,7,汉中
2026-08-05,15:52,5,长安
2026-08-05,15:53,5,长安
2026-08-05,15:54,6,许昌
2026-08-05,15:55,7,汉中
2026-08-05,15:56,4,荆州
2026-08-05,15:57,3,建业
2026-08-05,15:58,5,长安
2026-08-05,15:59,3,建业
2026-08-05,16:00,5,长安
2026-08-05,16:01,7,汉中
2026-08-05,16:02,6,许昌
2026-08-05,16:03,4,荆州
2026-08-05,16:04,5,长安
2026-08-05,16:05,7,汉中
2026-08-05,16:06,5,长安
2026-08-05,16:07,7,汉中
2026-08-05,16:08,6,许昌
2026-08-05,16:09,7,汉中
2026-08-05,16:10,7,汉中
2026-08-05,16:11,6,许昌
2026-08-05,16:12,6,许昌
2026-08-05,16:13,1,洛阳
2026-08-05,16:14,7,汉中
2026-08-05,16:15,6,许昌
2026-08-05,16:16,7,汉中
2026-08-05,16:17,4,荆州
2026-08-05,16:18,4,荆州
2026-08-05,16:19,7,汉中
2026-08-05,16:20,7,汉中
2026-08-05,16:21,6,许昌
2026-08-05,16:22,6,许昌
2026-08-05,16:23,5,长安
2026-08-05,16:24,3,建业
2026-08-05,16:25,7,汉中
2026-08-05,16:26,7,汉中
2026-08-05,16:27,4,荆州
2026-08-05,16:28,7,汉中
2026-08-05,16:29,6,许昌
2026-08-05,16:30,5,长安
2026-08-05,16:31,6,许昌
2026-08-05,16:32,6,许昌
2026-08-05,16:33,6,许昌
2026-08-05,16:34,5,长安
2026-08-05,16:35,5,长安
2026-08-05,16:36,5,长安
2026-08-05,16:37,5,长安
2026-08-05,16:38,6,许昌
2026-08-05,16:39,5,长安
2026-08-05,16:40,7,汉中
2026-08-05,16:41,1,洛阳
2026-08-05,16:42,5,长安
2026-08-05,16:43,3,建业
2026-08-05,16:44,7,汉中
2026-08-05,16:45,5,长安
2026-08-05,16:46,6,许昌
2026-08-05,16:47,5,长安
2026-08-05,16:48,5,长安
2026-08-05,16:49,1,洛阳
2026-08-05,16:50,3,建业
2026-08-05,16:51,5,长安
2026-08-05,16:52,5,长安
2026-08-05,16:53,7,汉中
2026-08-05,16:54,7,汉中
2026-08-05,16:55,5,长安
2026-08-05,16:56,7,汉中
2026-08-05,16:57,7,汉中
2026-08-05,16:58,6,许昌
2026-08-05,16:59,4,荆州
2026-08-05,17:00,5,长安
2026-08-05,17:01,6,许昌
2026-08-05,17:02,6,许昌
2026-08-05,17:03,7,汉中
2026-08-05,17:04,7,汉中
2026-08-05,17:05,3,建业
2026-08-05,17:06,5,长安
2026-08-05,17:07,7,汉中
2026-08-05,17:08,3,建业
2026-08-05,17:09,7,汉中
2026-08-05,17:10,6,许昌
2026-08-05,17:11,2,成都
2026-08-05,17:12,5,长安
2026-08-05,17:13,7,汉中
2026-08-05,17:14,4,荆州
2026-08-05,17:15,6,许昌
2026-08-05,17:16,2,成都
2026-08-05,17:17,7,汉中
2026-08-05,17:18,5,长安
2026-08-05,17:19,6,许昌
2026-08-05,17:20,5,长安
2026-08-05,17:21,2,成都
2026-08-05,17:22,6,许昌
2026-08-05,17:23,6,许昌
2026-08-05,17:24,5,长安
2026-08-05,17:25,6,许昌
2026-08-05,17:26,7,汉中
2026-08-05,17:27,6,许昌
2026-08-05,17:28,6,许昌
2026-08-05,17:29,5,长安
2026-08-05,17:30,6,许昌
2026-08-05,17:31,5,长安
2026-08-05,17:32,4,荆州
2026-08-05,17:33,6,许昌
2026-08-05,17:34,2,成都
2026-08-05,17:35,7,汉中
2026-08-05,17:36,6,许昌
2026-08-05,17:37,7,汉中
2026-08-05,17:38,7,汉中
2026-08-05,17:39,7,汉中
2026-08-05,17:40,3,建业
2026-08-05,17:41,5,长安
2026-08-05,17:42,6,许昌
2026-08-05,17:43,6,许昌
2026-08-05,17:44,3,建业
2026-08-05,17:45,7,汉中
2026-08-05,17:46,6,许昌
2026-08-05,17:47,7,汉中
2026-08-05,17:48,5,长安
2026-08-05,17:49,5,长安
2026-08-05,17:50,4,荆州
2026-08-05,17:51,4,荆州
2026-08-05,17:52,7,汉中
2026-08-05,17:53,6,许昌
2026-08-05,17:54,7,汉中
2026-08-05,17:55,5,长安
2026-08-05,17:56,5,长安
2026-08-05,17:57,7,汉中
2026-08-05,17:58,2,成都
2026-08-05,17:59,5,长安
2026-08-05,18:00,7,汉中
2026-08-05,18:01,5,长安
2026-08-05,18:02,3,建业
2026-08-05,18:03,6,许昌
2026-08-05,18:04,5,长安
2026-08-05,18:05,4,荆州
2026-08-05,18:06,5,长安
2026-08-05,18:07,5,长安
2026-08-05,18:08,5,长安
2026-08-05,18:09,7,汉中
2026-08-05,18:10,2,成都
2026-08-05,18:11,6,许昌
2026-08-05,18:12,3,建业
2026-08-05,18:13,6,许昌
2026-08-05,18:14,7,汉中
2026-08-05,18:15,5,长安
2026-08-05,18:16,4,荆州
2026-08-05,18:17,6,许昌
2026-08-05,18:18,5,长安
2026-08-05,18:19,5,长安
2026-08-05,18:20,6,许昌
2026-08-05,18:21,4,荆州
2026-08-05,18:22,5,长安
2026-08-05,18:23,5,长安
2026-08-05,18:24,3,建业
2026-08-05,18:25,7,汉中
2026-08-05,18:26,7,汉中
2026-08-05,18:27,5,长安
2026-08-05,18:28,5,长安
2026-08-05,18:29,6,许昌
2026-08-05,18:30,7,汉中
2026-08-05,18:31,3,建业
2026-08-05,18:32,3,建业
2026-08-05,18:33,7,汉中
2026-08-05,18:34,6,许昌
2026-08-05,18:35,5,长安
2026-08-05,18:36,5,长安
2026-08-05,18:37,7,汉中
2026-08-05,18:38,2,成都
2026-08-05,18:39,4,荆州
2026-08-05,18:40,5,长安
2026-08-05,18:41,6,许昌
2026-08-05,18:42,5,长安
2026-08-05,18:43,6,许昌
2026-08-05,18:44,7,汉中
2026-08-05,18:45,3,建业
2026-08-05,18:46,7,汉中
2026-08-05,18:47,2,成都
2026-08-05,18:48,5,长安
2026-08-05,18:49,7,汉中
2026-08-05,18:50,7,汉中
2026-08-05,18:51,4,荆州
2026-08-05,18:52,3,建业
2026-08-05,18:53,4,荆州
2026-08-05,18:54,7,汉中
2026-08-05,18:55,5,长安
2026-08-05,18:56,5,长安
2026-08-05,18:57,2,成都
2026-08-05,18:58,5,长安
2026-08-05,18:59,6,许昌
2026-08-05,19:00,6,许昌
2026-08-05,19:01,5,长安
2026-08-05,19:02,5,长安
2026-08-05,19:03,7,汉中
2026-08-05,19:04,6,许昌
2026-08-05,19:05,5,长安
2026-08-05,19:06,3,建业
2026-08-05,19:07,3,建业
2026-08-05,19:08,3,建业
2026-08-05,19:09,6,许昌
2026-08-05,19:10,7,汉中
2026-08-05,19:11,7,汉中
2026-08-05,19:12,2,成都
2026-08-05,19:13,2,成都
2026-08-05,19:14,5,长安
2026-08-05,19:15,5,长安
2026-08-05,19:16,2,成都
2026-08-05,19:17,6,许昌
2026-08-05,19:18,5,长安
2026-08-05,19:19,5,长安
2026-08-05,19:20,6,许昌
2026-08-05,19:21,5,长安
2026-08-05,19:22,6,许昌
2026-08-05,19:23,5,长安
2026-08-05,19:24,7,汉中
2026-08-05,19:25,3,建业
2026-08-05,19:26,7,汉中
2026-08-05,19:27,5,长安
2026-08-05,19:28,6,许昌
2026-08-05,19:29,6,许昌
2026-08-05,19:30,5,长安
2026-08-05,19:31,7,汉中
2026-08-05,19:32,4,荆州
2026-08-05,19:33,4,荆州
2026-08-05,19:34,5,长安
2026-08-05,19:35,6,许昌
2026-08-05,19:36,7,汉中
2026-08-05,19:37,7,汉中
2026-08-05,19:38,6,许昌
2026-08-05,19:39,3,建业
2026-08-05,19:40,6,许昌
2026-08-05,19:41,6,许昌
2026-08-05,19:42,4,荆州
2026-08-05,19:43,2,成都
2026-08-05,19:44,3,建业
2026-08-05,19:45,2,成都
2026-08-05,19:46,2,成都
2026-08-05,19:47,7,汉中
2026-08-05,19:48,7,汉中
2026-08-05,19:49,6,许昌
2026-08-05,19:50,6,许昌
2026-08-05,19:51,4,荆州
2026-08-05,19:52,5,长安
2026-08-05,19:53,4,荆州
2026-08-05,19:54,2,成都
2026-08-05,19:55,7,汉中
2026-08-05,19:56,7,汉中
2026-08-05,19:57,7,汉中
2026-08-05,19:58,1,洛阳
2026-08-05,19:59,6,许昌
2026-08-05,20:00,3,建业
2026-08-05,20:01,7,汉中
2026-08-05,20:02,6,许昌
2026-08-05,20:03,2,成都
2026-08-05,20:04,6,许昌
2026-08-05,20:05,5,长安
2026-08-05,20:06,6,许昌
2026-08-05,20:07,7,汉中
2026-08-05,20:08,6,许昌
2026-08-05,20:09,3,建业
2026-08-05,20:10,7,汉中
2026-08-05,20:11,4,荆州
2026-08-05,20:12,7,汉中
2026-08-05,20:13,7,汉中
2026-08-05,20:14,6,许昌
2026-08-05,20:15,5,长安
2026-08-05,20:16,1,洛阳
2026-08-05,20:17,1,洛阳
2026-08-05,20:18,6,许昌
2026-08-05,20:19,7,汉中
2026-08-05,20:20,6,许昌
2026-08-05,20:21,6,许昌
2026-08-05,20:22,6,许昌
2026-08-05,20:23,7,汉中
2026-08-05,20:24,1,洛阳
2026-08-05,20:25,7,汉中
2026-08-05,20:26,6,许昌
2026-08-05,20:27,5,长安
2026-08-05,20:28,4,荆州
2026-08-05,20:29,7,汉中
2026-08-05,20:30,3,建业
2026-08-05,20:31,6,许昌
2026-08-05,20:32,3,建业
2026-08-05,20:33,7,汉中
2026-08-05,20:34,7,汉中
2026-08-05,20:35,5,长安
2026-08-05,20:36,4,荆州
2026-08-05,20:37,7,汉中
2026-08-05,20:38,7,汉中
2026-08-05,20:39,5,长安
2026-08-05,20:40,3,建业
2026-08-05,20:41,2,成都
2026-08-05,20:42,7,汉中
2026-08-05,20:43,7,汉中
2026-08-05,20:44,6,许昌
2026-08-05,20:45,7,汉中
2026-08-05,20:46,3,建业
2026-08-05,20:47,7,汉中
2026-08-05,20:48,6,许昌
2026-08-05,20:49,6,许昌
2026-08-05,20:50,4,荆州
2026-08-05,20:51,6,许昌
2026-08-05,20:52,7,汉中
2026-08-05,20:53,3,建业
2026-08-05,20:54,7,汉中
2026-08-05,20:55,7,汉中
2026-08-05,20:56,3,建业
2026-08-05,20:57,6,许昌
2026-08-05,20:58,7,汉中
2026-08-05,20:59,7,汉中
2026-08-05,21:00,4,荆州
2026-08-05,21:01,5,长安
2026-08-05,21:02,3,建业
2026-08-05,21:03,7,汉中
2026-08-05,21:04,3,建业
2026-08-05,21:05,7,汉中
2026-08-05,21:06,6,许昌
2026-08-05,21:07,5,长安
2026-08-05,21:08,1,洛阳
2026-08-05,21:09,7,汉中
2026-08-05,21:10,5,长安
2026-08-05,21:11,1,洛阳
2026-08-05,21:12,1,洛阳
2026-08-05,21:13,5,长安
2026-08-05,21:14,7,汉中
2026-08-05,21:15,5,长安
2026-08-05,21:16,5,长安
2026-08-05,21:17,7,汉中
2026-08-05,21:18,7,汉中
2026-08-05,21:19,7,汉中
2026-08-05,21:20,4,荆州
2026-08-05,21:21,5,长安
2026-08-05,21:22,5,长安
2026-08-05,21:23,7,汉中
2026-08-05,21:24,6,许昌
2026-08-05,21:25,4,荆州
2026-08-05,21:26,5,长安
2026-08-05,21:27,7,汉中
2026-08-05,21:28,7,汉中
2026-08-05,21:29,7,汉中
2026-08-05,21:30,5,长安
2026-08-05,21:31,5,长安
2026-08-05,21:32,6,许昌
2026-08-05,21:33,7,汉中
2026-08-05,21:34,7,汉中
2026-08-05,21:35,7,汉中
2026-08-05,21:36,6,许昌
2026-08-05,21:37,6,许昌
2026-08-05,21:38,5,长安
2026-08-05,21:39,7,汉中
2026-08-05,21:40,6,许昌
2026-08-05,21:41,5,长安
2026-08-05,21:42,5,长安
2026-08-05,21:43,3,建业
2026-08-05,21:44,6,许昌
2026-08-05,21:45,4,荆州
2026-08-05,21:46,6,许昌
2026-08-05,21:47,7,汉中
2026-08-05,21:48,5,长安
2026-08-05,21:49,6,许昌
2026-08-05,21:50,6,许昌
2026-08-05,21:51,5,长安
2026-08-05,21:52,7,汉中
2026-08-05,21:53,4,荆州
2026-08-05,21:54,6,许昌
2026-08-05,21:55,7,汉中
2026-08-05,21:56,5,长安
2026-08-05,21:57,7,汉中
2026-08-05,21:58,5,长安
2026-08-05,21:59,7,汉中
2026-08-05,22:00,5,长安
2026-08-05,22:01,5,长安
2026-08-05,22:02,5,长安
2026-08-05,22:03,5,长安
2026-08-05,22:04,7,汉中
2026-08-05,22:05,5,长安
2026-08-05,22:06,5,长安
2026-08-05,22:07,2,成都
2026-08-05,22:08,3,建业
2026-08-05,22:09,6,许昌
2026-08-05,22:10,5,长安
2026-08-05,22:11,5,长安
2026-08-05,22:12,7,汉中
2026-08-05,22:13,6,许昌
2026-08-05,22:14,5,长安
2026-08-05,22:15,6,许昌
2026-08-05,22:16,5,长安
2026-08-05,22:17,6,许昌
2026-08-05,22:18,6,许昌
2026-08-05,22:19,1,洛阳
2026-08-05,22:20,7,汉中
2026-08-05,22:21,5,长安
2026-08-05,22:22,5,长安
2026-08-05,22:23,6,许昌
2026-08-05,22:24,7,汉中
2026-08-05,22:25,6,许昌
2026-08-05,22:26,5,长安
2026-08-05,22:27,7,汉中
2026-08-05,22:28,6,许昌
2026-08-05,22:29,7,汉中
2026-08-05,22:30,5,长安
2026-08-05,22:31,5,长安
2026-08-05,22:32,7,汉中
2026-08-05,22:33,6,许昌
2026-08-05,22:34,5,长安
2026-08-05,22:35,1,洛阳
2026-08-05,22:36,7,汉中
2026-08-05,22:37,7,汉中
2026-08-05,22:38,7,汉中
2026-08-05,22:39,7,汉中
2026-08-05,22:40,5,长安
2026-08-05,22:41,7,汉中
2026-08-05,22:42,6,许昌
2026-08-05,22:43,6,许昌
2026-08-05,22:44,5,长安
2026-08-05,22:45,7,汉中
2026-08-05,22:46,7,汉中
2026-08-05,22:47,6,许昌
2026-08-05,22:48,4,荆州
2026-08-05,22:49,7,汉中
2026-08-05,22:50,5,长安
2026-08-05,22:51,7,汉中
2026-08-05,22:52,6,许昌
2026-08-05,22:53,3,建业
2026-08-05,22:54,5,长安
2026-08-05,22:55,7,汉中
2026-08-05,22:56,7,汉中
2026-08-05,22:57,6,许昌
2026-08-05,22:58,6,许昌
2026-08-05,22:59,5,长安
2026-08-05,23:00,3,建业
2026-08-05,23:01,5,长安
2026-08-05,23:02,6,许昌
2026-08-05,23:03,5,长安
2026-08-05,23:04,2,成都
2026-08-05,23:05,7,汉中
2026-08-05,23:06,5,长安
2026-08-05,23:07,3,建业
2026-08-05,23:08,7,汉中
2026-08-05,23:09,3,建业
2026-08-05,23:10,6,许昌
2026-08-05,23:11,5,长安
2026-08-05,23:12,6,许昌
2026-08-05,23:13,6,许昌
2026-08-05,23:14,1,洛阳
2026-08-05,23:15,7,汉中
2026-08-05,23:16,4,荆州
2026-08-05,23:17,7,汉中
2026-08-05,23:18,7,汉中
2026-08-05,23:19,6,许昌
2026-08-05,23:20,6,许昌
2026-08-05,23:21,1,洛阳
2026-08-05,23:22,5,长安
2026-08-05,23:23,6,许昌
2026-08-05,23:24,7,汉中
2026-08-05,23:25,7,汉中
2026-08-05,23:26,5,长安
2026-08-05,23:27,6,许昌
2026-08-05,23:28,6,许昌
2026-08-05,23:29,5,长安
2026-08-05,23:30,6,许昌
2026-08-05,23:31,7,汉中
2026-08-05,23:32,3,建业
2026-08-05,23:33,5,长安
2026-08-05,23:34,5,长安
2026-08-05,23:35,5,长安
2026-08-05,23:36,7,汉中
2026-08-05,23:37,5,长安
2026-08-05,23:38,6,许昌
2026-08-05,23:39,2,成都
2026-08-05,23:40,5,长安
2026-08-05,23:41,7,汉中
2026-08-05,23:42,5,长安
2026-08-05,23:43,6,许昌
2026-08-05,23:44,6,许昌
2026-08-05,23:45,6,许昌
2026-08-05,23:46,6,许昌
2026-08-05,23:47,6,许昌
2026-08-05,23:48,7,汉中
2026-08-05,23:49,6,许昌
2026-08-05,23:50,6,许昌
2026-08-05,23:51,7,汉中
2026-08-05,23:52,7,汉中
2026-08-05,23:53,2,成都
2026-08-05,23:54,1,洛阳
2026-08-05,23:55,7,汉中
2026-08-05,23:56,5,长安
2026-08-05,23:57,5,长安
2026-08-05,23:58,6,许昌
2026-08-05,23:59,4,荆州
2026-08-06,00:00,7,汉中
2026-08-06,00:01,5,长安
2026-08-06,00:02,6,许昌
2026-08-06,00:03,5,长安
2026-08-06,00:04,5,长安
2026-08-06,00:05,7,汉中
2026-08-06,00:06,4,荆州
2026-08-06,00:07,7,汉中
2026-08-06,00:08,5,长安
2026-08-06,00:09,1,洛阳
2026-08-06,00:10,7,汉中
2026-08-06,00:11,3,建业
2026-08-06,00:12,7,汉中
2026-08-06,00:13,5,长安
2026-08-06,00:14,5,长安
2026-08-06,00:15,7,汉中
2026-08-06,00:16,1,洛阳
2026-08-06,00:17,3,建业
2026-08-06,00:18,6,许昌
2026-08-06,00:19,6,许昌
2026-08-06,00:20,7,汉中
2026-08-06,00:21,7,汉中
2026-08-06,00:22,5,长安
2026-08-06,00:23,6,许昌
2026-08-06,00:24,7,汉中
2026-08-06,00:25,6,许昌
2026-08-06,00:26,6,许昌
2026-08-06,00:27,6,许昌
2026-08-06,00:28,4,荆州
2026-08-06,00:29,6,许昌
2026-08-06,00:30,7,汉中
2026-08-06,00:31,6,许昌
2026-08-06,00:32,7,汉中
2026-08-06,00:33,4,荆州
2026-08-06,00:34,5,长安
2026-08-06,00:35,5,长安
2026-08-06,00:36,3,建业
2026-08-06,00:37,7,汉中
2026-08-06,00:38,5,长安
2026-08-06,00:39,6,许昌
2026-08-06,00:40,6,许昌
2026-08-06,00:41,6,许昌
2026-08-06,00:42,1,洛阳
2026-08-06,00:43,1,洛阳
2026-08-06,00:44,5,长安
2026-08-06,00:45,2,成都
2026-08-06,00:46,6,许昌
2026-08-06,00:47,7,汉中
2026-08-06,00:48,2,成都
2026-08-06,00:49,1,洛阳
2026-08-06,00:50,4,荆州
2026-08-06,00:51,6,许昌
2026-08-06,00:52,1,洛阳
2026-08-06,00:53,6,许昌
2026-08-06,00:54,6,许昌
2026-08-06,00:55,6,许昌
2026-08-06,00:56,1,洛阳
2026-08-06,00:57,6,许昌
2026-08-06,00:58,7,汉中
2026-08-06,00:59,4,荆州
2026-08-06,01:00,6,许昌
2026-08-06,01:01,2,成都
2026-08-06,01:02,7,汉中
2026-08-06,01:03,7,汉中
2026-08-06,01:04,3,建业
2026-08-06,01:05,5,长安
2026-08-06,01:06,7,汉中
2026-08-06,01:07,7,汉中
2026-08-06,01:08,5,长安
2026-08-06,01:09,7,汉中
2026-08-06,01:10,7,汉中
2026-08-06,01:11,4,荆州
2026-08-06,01:12,7,汉中
2026-08-06,01:13,5,长安
2026-08-06,01:14,5,长安
2026-08-06,01:15,7,汉中
2026-08-06,01:16,5,长安
2026-08-06,01:17,6,许昌
2026-08-06,01:18,5,长安
2026-08-06,01:19,5,长安
2026-08-06,01:20,3,建业
2026-08-06,01:21,5,长安
2026-08-06,01:22,6,许昌
2026-08-06,01:23,5,长安
2026-08-06,01:24,5,长安
2026-08-06,01:25,4,荆州
2026-08-06,01:26,7,汉中
2026-08-06,01:27,6,许昌
2026-08-06,01:28,4,荆州
2026-08-06,01:29,4,荆州
2026-08-06,01:30,6,许昌
2026-08-06,01:31,5,长安
2026-08-06,01:32,5,长安
2026-08-06,01:33,4,荆州
2026-08-06,01:34,6,许昌
2026-08-06,01:35,1,洛阳
2026-08-06,01:36,7,汉中
2026-08-06,01:37,6,许昌
2026-08-06,01:38,6,许昌
2026-08-06,01:39,5,长安
2026-08-06,01:40,6,许昌
2026-08-06,01:41,2,成都
2026-08-06,01:42,6,许昌
2026-08-06,01:43,7,汉中
2026-08-06,01:44,7,汉中
2026-08-06,01:45,6,许昌
2026-08-06,01:46,1,洛阳
2026-08-06,01:47,7,汉中
2026-08-06,01:48,5,长安
2026-08-06,01:49,6,许昌
2026-08-06,01:50,3,建业
2026-08-06,01:51,7,汉中
2026-08-06,01:52,6,许昌
2026-08-06,01:53,7,汉中
2026-08-06,01:54,7,汉中
2026-08-06,01:55,5,长安
2026-08-06,01:56,5,长安
2026-08-06,01:57,5,长安
2026-08-06,01:58,6,许昌
2026-08-06,01:59,6,许昌
2026-08-06,02:00,1,洛阳
2026-08-06,02:01,7,汉中
2026-08-06,02:02,6,许昌
2026-08-06,02:03,5,长安
2026-08-06,02:04,5,长安
2026-08-06,02:05,7,汉中
2026-08-06,02:06,6,许昌
2026-08-06,02:07,3,建业
2026-08-06,02:08,6,许昌
2026-08-06,02:09,5,长安
2026-08-06,02:10,2,成都
2026-08-06,02:11,5,长安
2026-08-06,02:12,5,长安
2026-08-06,02:13,7,汉中
2026-08-06,02:14,2,成都
2026-08-06,02:15,5,长安
2026-08-06,02:16,5,长安
2026-08-06,02:17,5,长安
2026-08-06,02:18,4,荆州
2026-08-06,02:19,6,许昌
2026-08-06,02:20,5,长安
2026-08-06,02:21,5,长安
2026-08-06,02:22,7,汉中
2026-08-06,02:23,5,长安
2026-08-06,02:24,3,建业
2026-08-06,02:25,1,洛阳
2026-08-06,02:26,3,建业
2026-08-06,02:27,5,长安
2026-08-06,02:28,6,许昌
2026-08-06,02:29,5,长安
2026-08-06,02:30,3,建业
2026-08-06,02:31,4,荆州
2026-08-06,02:32,6,许昌
2026-08-06,02:33,7,汉中
2026-08-06,02:34,5,长安
2026-08-06,02:35,5,长安
2026-08-06,02:36,6,许昌
2026-08-06,02:37,6,许昌
2026-08-06,02:38,5,长安
2026-08-06,02:39,7,汉中
2026-08-06,02:40,6,许昌
2026-08-06,02:41,6,许昌
2026-08-06,02:42,6,许昌
2026-08-06,02:43,7,汉中
2026-08-06,02:44,7,汉中
2026-08-06,02:45,6,许昌
2026-08-06,02:46,7,汉中
2026-08-06,02:47,7,汉中
2026-08-06,02:48,6,许昌
2026-08-06,02:49,5,长安
2026-08-06,02:50,3,建业
2026-08-06,02:51,7,汉中
2026-08-06,02:52,7,汉中
2026-08-06,02:53,4,荆州
2026-08-06,02:54,3,建业
2026-08-06,02:55,7,汉中
2026-08-06,02:56,7,汉中
2026-08-06,02:57,5,长安
2026-08-06,02:58,4,荆州
2026-08-06,02:59,7,汉中
2026-08-06,03:00,2,成都
2026-08-06,03:01,5,长安
2026-08-06,03:02,2,成都
2026-08-06,03:03,6,许昌
2026-08-06,03:04,5,长安
2026-08-06,03:05,2,成都
2026-08-06,03:06,4,荆州
2026-08-06,03:07,7,汉中
2026-08-06,03:08,3,建业
2026-08-06,03:09,7,汉中
2026-08-06,03:10,6,许昌
2026-08-06,03:11,7,汉中
2026-08-06,03:12,5,长安
2026-08-06,03:13,6,许昌
2026-08-06,03:14,7,汉中
2026-08-06,03:15,6,许昌
2026-08-06,03:16,3,建业
2026-08-06,03:17,6,许昌
2026-08-06,03:18,6,许昌
2026-08-06,03:19,7,汉中
2026-08-06,03:20,4,荆州
2026-08-06,03:21,5,长安
2026-08-06,03:22,7,汉中
2026-08-06,03:23,1,洛阳
2026-08-06,03:24,5,长安
2026-08-06,03:25,7,汉中
2026-08-06,03:26,6,许昌
2026-08-06,03:27,5,长安
2026-08-06,03:28,7,汉中
2026-08-06,03:29,3,建业
2026-08-06,03:30,4,荆州
2026-08-06,03:31,6,许昌
2026-08-06,03:32,3,建业
2026-08-06,03:33,5,长安
2026-08-06,03:34,6,许昌
2026-08-06,03:35,2,成都
2026-08-06,03:36,7,汉中
2026-08-06,03:37,2,成都
2026-08-06,03:38,6,许昌
2026-08-06,03:39,6,许昌
2026-08-06,03:40,7,汉中
2026-08-06,03:41,5,长安
2026-08-06,03:42,5,长安
2026-08-06,03:43,5,长安
2026-08-06,03:44,7,汉中
2026-08-06,03:45,2,成都
2026-08-06,03:46,4,荆州
2026-08-06,03:47,1,洛阳
2026-08-06,03:48,7,汉中
2026-08-06,03:49,5,长安
2026-08-06,03:50,5,长安
2026-08-06,03:51,7,汉中
2026-08-06,03:52,5,长安
2026-08-06,03:53,6,许昌
2026-08-06,03:54,5,长安
2026-08-06,03:55,5,长安
2026-08-06,03:56,3,建业
2026-08-06,03:57,7,汉中
2026-08-06,03:58,3,建业
2026-08-06,03:59,6,许昌
2026-08-06,04:00,7,汉中
2026-08-06,04:01,6,许昌
2026-08-06,04:02,6,许昌
2026-08-06,04:03,7,汉中
2026-08-06,04:04,7,汉中
2026-08-06,04:05,6,许昌
2026-08-06,04:06,3,建业
2026-08-06,04:07,2,成都
2026-08-06,04:08,6,许昌
2026-08-06,04:09,6,许昌
2026-08-06,04:10,5,长安
2026-08-06,04:11,2,成都
2026-08-06,04:12,4,荆州
2026-08-06,04:13,4,荆州
2026-08-06,04:14,3,建业
2026-08-06,04:15,7,汉中
2026-08-06,04:16,1,洛阳
2026-08-06,04:17,5,长安
2026-08-06,04:18,2,成都
2026-08-06,04:19,3,建业
2026-08-06,04:20,2,成都
2026-08-06,04:21,7,汉中
2026-08-06,04:22,4,荆州
2026-08-06,04:23,4,荆州
2026-08-06,04:24,7,汉中
2026-08-06,04:25,6,许昌
2026-08-06,04:26,1,洛阳
2026-08-06,04:27,7,汉中
2026-08-06,04:28,5,长安
2026-08-06,04:29,7,汉中
2026-08-06,04:30,7,汉中
2026-08-06,04:31,3,建业
2026-08-06,04:32,6,许昌
2026-08-06,04:33,4,荆州
2026-08-06,04:34,3,建业
2026-08-06,04:35,5,长安
2026-08-06,04:36,6,许昌
2026-08-06,04:37,1,洛阳
2026-08-06,04:38,5,长安
2026-08-06,04:39,6,许昌
2026-08-06,04:40,7,汉中
2026-08-06,04:41,6,许昌
2026-08-06,04:42,6,许昌
2026-08-06,04:43,4,荆州
2026-08-06,04:44,5,长安
2026-08-06,04:45,7,汉中
2026-08-06,04:46,7,汉中
2026-08-06,04:47,6,许昌
2026-08-06,04:48,6,许昌
2026-08-06,04:49,7,汉中
2026-08-06,04:50,7,汉中
2026-08-06,04:51,5,长安
2026-08-06,04:52,7,汉中
2026-08-06,04:53,1,洛阳
2026-08-06,04:54,4,荆州
2026-08-06,04:55,7,汉中
2026-08-06,04:56,6,许昌
2026-08-06,04:57,4,荆州
2026-08-06,04:58,5,长安
2026-08-06,04:59,7,汉中
2026-08-06,05:00,4,荆州
2026-08-06,05:01,7,汉中
2026-08-06,05:02,5,长安
2026-08-06,05:03,6,许昌
2026-08-06,05:04,7,汉中
2026-08-06,05:05,5,长安
2026-08-06,05:06,5,长安
2026-08-06,05:07,6,许昌
2026-08-06,05:08,6,许昌
2026-08-06,05:09,5,长安
2026-08-06,05:10,4,荆州
2026-08-06,05:11,6,许昌
2026-08-06,05:12,7,汉中
2026-08-06,05:13,5,长安
2026-08-06,05:14,6,许昌
2026-08-06,05:15,6,许昌
2026-08-06,05:16,6,许昌
2026-08-06,05:17,6,许昌
2026-08-06,05:18,3,建业
2026-08-06,05:19,6,许昌
2026-08-06,05:20,6,许昌
2026-08-06,05:21,6,许昌
2026-08-06,05:22,6,许昌
2026-08-06,05:23,6,许昌
2026-08-06,05:24,7,汉中
2026-08-06,05:25,6,许昌
2026-08-06,05:26,2,成都
2026-08-06,05:27,5,长安
2026-08-06,05:28,5,长安
2026-08-06,05:29,7,汉中
2026-08-06,05:30,4,荆州
2026-08-06,05:31,6,许昌
2026-08-06,05:32,4,荆州
2026-08-06,05:33,3,建业
2026-08-06,05:34,5,长安
2026-08-06,05:35,5,长安
2026-08-06,05:36,5,长安
2026-08-06,05:37,6,许昌
2026-08-06,05:38,1,洛阳
2026-08-06,05:39,6,许昌
2026-08-06,05:40,4,荆州
2026-08-06,05:41,3,建业
2026-08-06,05:42,7,汉中
2026-08-06,05:43,3,建业
2026-08-06,05:44,7,汉中
2026-08-06,05:45,2,成都
2026-08-06,05:46,5,长安
2026-08-06,05:47,5,长安
2026-08-06,05:48,3,建业
2026-08-06,05:49,7,汉中
2026-08-06,05:50,1,洛阳
2026-08-06,05:51,7,汉中
2026-08-06,05:52,6,许昌
2026-08-06,05:53,5,长安
2026-08-06,05:54,7,汉中
2026-08-06,05:55,7,汉中
2026-08-06,05:56,6,许昌
2026-08-06,05:57,4,荆州
2026-08-06,05:58,4,荆州
2026-08-06,05:59,1,洛阳
2026-08-06,06:00,5,长安
2026-08-06,06:01,4,荆州
2026-08-06,06:02,5,长安
2026-08-06,06:03,7,汉中
2026-08-06,06:04,6,许昌
2026-08-06,06:05,6,许昌
2026-08-06,06:06,7,汉中
2026-08-06,06:07,7,汉中
2026-08-06,06:08,5,长安
2026-08-06,06:09,2,成都
2026-08-06,06:10,4,荆州
2026-08-06,06:11,3,建业
2026-08-06,06:12,7,汉中
2026-08-06,06:13,6,许昌
2026-08-06,06:14,2,成都
2026-08-06,06:15,4,荆州
2026-08-06,06:16,6,许昌
2026-08-06,06:17,7,汉中
2026-08-06,06:18,2,成都
2026-08-06,06:19,6,许昌
2026-08-06,06:20,3,建业
2026-08-06,06:21,5,长安
2026-08-06,06:22,5,长安
2026-08-06,06:23,7,汉中
2026-08-06,06:24,6,许昌
2026-08-06,06:25,5,长安
2026-08-06,06:26,7,汉中
2026-08-06,06:27,7,汉中
2026-08-06,06:28,3,建业
2026-08-06,06:29,6,许昌
2026-08-06,06:30,5,长安
2026-08-06,06:31,5,长安
2026-08-06,06:32,6,许昌
2026-08-06,06:33,3,建业
2026-08-06,06:34,5,长安
2026-08-06,06:35,7,汉中
2026-08-06,06:36,6,许昌
2026-08-06,06:37,7,汉中
2026-08-06,06:38,7,汉中
2026-08-06,06:39,7,汉中
2026-08-06,06:40,6,许昌
2026-08-06,06:41,5,长安
2026-08-06,06:42,6,许昌
2026-08-06,06:43,4,荆州
2026-08-06,06:44,5,长安
2026-08-06,06:45,7,汉中
2026-08-06,06:46,3,建业
2026-08-06,06:47,7,汉中
2026-08-06,06:48,2,成都
2026-08-06,06:49,1,洛阳
2026-08-06,06:50,7,汉中
2026-08-06,06:51,6,许昌
2026-08-06,06:52,6,许昌
2026-08-06,06:53,2,成都
2026-08-06,06:54,3,建业
2026-08-06,06:55,6,许昌
2026-08-06,06:56,2,成都
2026-08-06,06:57,6,许昌
2026-08-06,06:58,6,许昌
2026-08-06,06:59,2,成都
2026-08-06,07:00,4,荆州
2026-08-06,07:01,5,长安
2026-08-06,07:02,6,许昌
2026-08-06,07:03,5,长安
2026-08-06,07:04,6,许昌
2026-08-06,07:05,5,长安
2026-08-06,07:06,6,许昌
2026-08-06,07:07,5,长安
2026-08-06,07:08,4,荆州
2026-08-06,07:09,6,许昌
2026-08-06,07:10,5,长安
2026-08-06,07:11,6,许昌
2026-08-06,07:12,1,洛阳
2026-08-06,07:13,7,汉中
2026-08-06,07:14,6,许昌
2026-08-06,07:15,5,长安
2026-08-06,07:16,7,汉中
2026-08-06,07:17,7,汉中
2026-08-06,07:18,3,建业
2026-08-06,07:19,5,长安
2026-08-06,07:20,5,长安
2026-08-06,07:21,6,许昌
2026-08-06,07:22,1,洛阳
2026-08-06,07:23,6,许昌
2026-08-06,07:24,6,许昌
2026-08-06,07:25,7,汉中
2026-08-06,07:26,6,许昌
2026-08-06,07:27,3,建业
2026-08-06,07:28,6,许昌
2026-08-06,07:29,5,长安
2026-08-06,07:30,2,成都
2026-08-06,07:31,6,许昌
2026-08-06,07:32,5,长安
2026-08-06,07:33,4,荆州
2026-08-06,07:34,7,汉中
2026-08-06,07:35,7,汉中
2026-08-06,07:36,5,长安
2026-08-06,07:37,3,建业
2026-08-06,07:38,7,汉中
2026-08-06,07:39,7,汉中
2026-08-06,07:40,2,成都
2026-08-06,07:41,6,许昌
2026-08-06,07:42,6,许昌
2026-08-06,07:43,5,长安
2026-08-06,07:44,7,汉中
2026-08-06,07:45,4,荆州
2026-08-06,07:46,6,许昌
2026-08-06,07:47,7,汉中
2026-08-06,07:48,6,许昌
2026-08-06,07:49,7,汉中
2026-08-06,07:50,3,建业
2026-08-06,07:51,3,建业
2026-08-06,07:52,5,长安
2026-08-06,07:53,6,许昌
2026-08-06,07:54,5,长安
2026-08-06,07:55,6,许昌
2026-08-06,07:56,7,汉中
2026-08-06,07:57,7,汉中
2026-08-06,07:58,1,洛阳
2026-08-06,07:59,1,洛阳
2026-08-06,08:00,6,许昌
2026-08-06,08:01,2,成都
2026-08-06,08:02,6,许昌
2026-08-06,08:03,7,汉中
2026-08-06,08:04,5,长安
2026-08-06,08:05,7,汉中
2026-08-06,08:06,7,汉中
2026-08-06,08:07,7,汉中
2026-08-06,08:08,6,许昌
2026-08-06,08:09,5,长安
2026-08-06,10:17,6,许昌
2026-08-06,10:18,5,长安
2026-08-06,10:19,2,成都
2026-08-06,10:20,4,荆州
2026-08-06,10:21,6,许昌
2026-08-06,10:22,2,成都
2026-08-06,10:23,6,许昌
2026-08-06,10:24,4,荆州
2026-08-06,10:25,7,汉中
2026-08-06,10:26,7,汉中
2026-08-06,10:27,6,许昌
2026-08-06,10:28,7,汉中
2026-08-06,10:29,2,成都
2026-08-06,10:30,5,长安
2026-08-06,10:31,6,许昌
2026-08-06,10:32,5,长安
2026-08-06,10:33,7,汉中
2026-08-06,10:34,7,汉中
2026-08-06,10:35,7,汉中
2026-08-06,10:36,5,长安
2026-08-06,10:37,5,长安
2026-08-06,10:38,6,许昌
2026-08-06,10:39,5,长安
2026-08-06,10:40,7,汉中
2026-08-06,10:41,7,汉中
2026-08-06,10:42,1,洛阳
2026-08-06,10:43,5,长安
2026-08-06,10:44,5,长安
2026-08-06,10:45,3,建业
2026-08-06,10:46,6,许昌
2026-08-06,10:47,4,荆州
2026-08-06,10:48,6,许昌
2026-08-06,10:49,3,建业
2026-08-06,10:50,3,建业
2026-08-06,10:51,7,汉中
2026-08-06,10:52,6,许昌
2026-08-06,10:53,7,汉中
2026-08-06,10:54,6,许昌
2026-08-06,10:55,7,汉中
2026-08-06,10:56,7,汉中
2026-08-06,10:57,5,长安
2026-08-06,10:58,3,建业
2026-08-06,10:59,4,荆州
2026-08-06,11:00,6,许昌
2026-08-06,11:01,7,汉中
2026-08-06,11:02,5,长安
2026-08-06,11:03,5,长安
2026-08-06,11:04,5,长安
2026-08-06,11:05,6,许昌
2026-08-06,11:06,6,许昌
2026-08-06,11:07,3,建业
2026-08-06,11:08,7,汉中
2026-08-06,11:09,7,汉中
2026-08-06,11:10,4,荆州
2026-08-06,11:11,4,荆州
2026-08-06,11:12,5,长安
2026-08-06,11:13,4,荆州
2026-08-06,11:14,6,许昌
2026-08-06,11:15,5,长安
2026-08-06,11:16,6,许昌
2026-08-06,11:17,4,荆州
2026-08-06,11:18,7,汉中
2026-08-06,11:19,5,长安
2026-08-06,11:20,5,长安
2026-08-06,11:21,1,洛阳
2026-08-06,11:22,4,荆州
2026-08-06,11:23,5,长安
2026-08-06,11:24,5,长安
2026-08-06,11:25,5,长安
2026-08-06,11:26,5,长安
2026-08-06,11:27,7,汉中
2026-08-06,11:28,7,汉中
2026-08-06,11:29,6,许昌
2026-08-06,11:30,5,长安
2026-08-06,11:31,3,建业
2026-08-06,11:32,6,许昌
2026-08-06,11:33,2,成都
2026-08-06,11:34,6,许昌
2026-08-06,11:35,7,汉中
2026-08-06,11:36,6,许昌
2026-08-06,11:37,5,长安
2026-08-06,11:38,5,长安
2026-08-06,11:39,1,洛阳
2026-08-06,11:40,4,荆州
2026-08-06,11:41,6,许昌
2026-08-06,11:42,5,长安
2026-08-06,11:43,3,建业
2026-08-06,11:44,5,长安
2026-08-06,11:45,3,建业
2026-08-06,11:46,7,汉中
2026-08-06,11:47,6,许昌
2026-08-06,11:48,7,汉中
2026-08-06,11:49,7,汉中
2026-08-06,11:50,3,建业
2026-08-06,11:51,3,建业
2026-08-06,11:52,6,许昌
2026-08-06,11:53,7,汉中
2026-08-06,11:54,5,长安
2026-08-06,11:55,4,荆州
2026-08-06,11:56,1,洛阳
2026-08-06,11:57,6,许昌
2026-08-06,11:58,7,汉中
2026-08-06,11:59,6,许昌
2026-08-06,12:00,2,成都
2026-08-06,12:01,5,长安
2026-08-06,12:02,2,成都
2026-08-06,12:03,2,成都
2026-08-06,12:04,7,汉中
2026-08-06,12:05,1,洛阳
2026-08-06,12:06,7,汉中
2026-08-06,12:07,7,汉中
2026-08-06,12:08,7,汉中
2026-08-06,12:09,7,汉中
2026-08-06,12:10,1,洛阳
2026-08-06,12:11,4,荆州
2026-08-06,12:12,3,建业
2026-08-06,12:13,3,建业
2026-08-06,12:14,6,许昌
2026-08-06,12:15,6,许昌
2026-08-06,12:16,1,洛阳
2026-08-06,12:17,4,荆州
2026-08-06,12:18,4,荆州
2026-08-06,12:19,7,汉中
2026-08-06,12:20,5,长安
2026-08-06,12:21,7,汉中
2026-08-06,12:22,5,长安
2026-08-06,12:23,7,汉中
2026-08-06,12:24,7,汉中
2026-08-06,12:25,7,汉中
2026-08-06,12:26,6,许昌
2026-08-06,12:27,5,长安
2026-08-06,12:28,7,汉中
2026-08-06,12:29,6,许昌
2026-08-06,12:30,7,汉中
2026-08-06,12:31,4,荆州
2026-08-06,12:32,7,汉中
2026-08-06,12:33,7,汉中
2026-08-06,12:34,5,长安
2026-08-06,12:35,4,荆州
2026-08-06,12:36,3,建业
2026-08-06,12:37,7,汉中
2026-08-06,12:38,7,汉中
2026-08-06,12:39,7,汉中
2026-08-06,12:40,3,建业
2026-08-06,12:41,5,长安
2026-08-06,12:42,6,许昌
2026-08-06,12:43,7,汉中
2026-08-06,12:44,6,许昌
2026-08-06,12:45,1,洛阳
2026-08-06,12:46,5,长安
2026-08-06,12:47,4,荆州
2026-08-06,12:48,5,长安
2026-08-06,12:49,7,汉中
2026-08-06,12:50,6,许昌
2026-08-06,12:51,2,成都
2026-08-06,12:52,6,许昌
2026-08-06,12:53,6,许昌
2026-08-06,12:54,4,荆州
2026-08-06,12:55,3,建业
2026-08-06,12:56,6,许昌
2026-08-06,12:57,6,许昌
2026-08-06,12:58,7,汉中
2026-08-06,12:59,3,建业
2026-08-06,13:00,5,长安
2026-08-06,13:01,4,荆州
2026-08-06,13:02,2,成都
2026-08-06,13:03,4,荆州
2026-08-06,13:04,7,汉中
2026-08-06,13:05,4,荆州
2026-08-06,13:06,5,长安
2026-08-06,13:07,7,汉中
2026-08-06,13:08,7,汉中
2026-08-06,13:09,2,成都
2026-08-06,13:10,6,许昌
2026-08-06,13:11,5,长安
2026-08-06,13:12,5,长安
2026-08-06,13:13,6,许昌
2026-08-06,13:14,4,荆州
2026-08-06,13:15,7,汉中
2026-08-06,13:16,6,许昌
2026-08-06,13:17,6,许昌
2026-08-06,13:18,5,长安
2026-08-06,13:19,3,建业
2026-08-06,13:20,6,许昌
2026-08-06,13:21,7,汉中
2026-08-06,13:22,5,长安
2026-08-06,13:23,6,许昌
2026-08-06,13:24,5,长安
2026-08-06,13:25,4,荆州
2026-08-06,13:26,7,汉中
2026-08-06,13:27,4,荆州
2026-08-06,13:28,2,成都
2026-08-06,13:29,4,荆州
2026-08-06,13:30,5,长安
2026-08-06,13:31,6,许昌
2026-08-06,13:32,5,长安
2026-08-06,13:33,5,长安
2026-08-06,13:34,2,成都
2026-08-06,13:35,3,建业
2026-08-06,13:36,7,汉中
2026-08-06,13:37,5,长安
2026-08-06,13:38,5,长安
2026-08-06,13:39,7,汉中
2026-08-06,13:40,3,建业
2026-08-06,13:41,7,汉中
2026-08-06,13:42,2,成都
2026-08-06,13:43,6,许昌
2026-08-06,13:44,6,许昌
2026-08-06,13:45,6,许昌
2026-08-06,13:46,5,长安
2026-08-06,13:47,4,荆州
2026-08-06,13:48,6,许昌
2026-08-06,13:49,4,荆州
2026-08-06,13:50,6,许昌
2026-08-06,13:51,5,长安
2026-08-06,13:52,2,成都
2026-08-06,13:53,5,长安
2026-08-06,13:54,7,汉中
2026-08-06,13:55,7,汉中
2026-08-06,13:56,6,许昌
2026-08-06,13:57,5,长安
2026-08-06,13:58,6,许昌
2026-08-06,13:59,6,许昌
2026-08-06,14:00,6,许昌
2026-08-06,14:01,5,长安
2026-08-06,14:02,7,汉中
2026-08-06,14:03,7,汉中
2026-08-06,14:04,6,许昌
2026-08-06,14:05,5,长安
2026-08-06,14:06,7,汉中
2026-08-06,14:07,7,汉中
2026-08-06,14:08,4,荆州
2026-08-06,14:09,6,许昌
2026-08-06,14:10,7,汉中
2026-08-06,14:11,6,许昌
2026-08-06,14:12,6,许昌
2026-08-06,14:13,6,许昌
2026-08-06,14:14,4,荆州
2026-08-06,14:15,7,汉中
2026-08-06,14:16,5,长安
2026-08-06,14:17,5,长安
2026-08-06,14:18,2,成都
2026-08-06,14:19,5,长安
2026-08-06,14:20,7,汉中
2026-08-06,14:21,6,许昌
2026-08-06,14:22,4,荆州
2026-08-06,14:23,5,长安
2026-08-06,14:24,5,长安
2026-08-06,14:25,6,许昌
2026-08-06,14:26,6,许昌
2026-08-06,14:27,7,汉中
2026-08-06,14:28,6,许昌
2026-08-06,14:29,5,长安
2026-08-06,14:30,5,长安
2026-08-06,14:31,5,长安
2026-08-06,14:32,7,汉中
2026-08-06,14:33,7,汉中
2026-08-06,14:34,6,许昌
2026-08-06,14:35,3,建业
2026-08-06,14:36,5,长安
2026-08-06,14:37,6,许昌
2026-08-06,14:38,4,荆州
2026-08-06,14:39,7,汉中
2026-08-06,14:40,7,汉中
2026-08-06,14:41,3,建业
2026-08-06,14:42,7,汉中
2026-08-06,14:43,4,荆州
2026-08-06,14:44,7,汉中
2026-08-06,14:45,6,许昌
2026-08-06,14:46,6,许昌
2026-08-06,14:47,6,许昌
2026-08-06,14:48,3,建业
2026-08-06,14:49,5,长安
2026-08-06,14:50,4,荆州
2026-08-06,14:51,6,许昌
2026-08-06,14:52,7,汉中
2026-08-06,14:53,4,荆州
2026-08-06,14:54,6,许昌
2026-08-06,14:55,5,长安
2026-08-06,14:56,4,荆州
2026-08-06,14:57,7,汉中
2026-08-06,14:58,5,长安
2026-08-06,14:59,4,荆州
2026-08-06,15:00,5,长安
2026-08-06,15:01,5,长安
2026-08-06,15:02,5,长安
2026-08-06,15:03,6,许昌
2026-08-06,15:04,3,建业
2026-08-06,15:05,5,长安
2026-08-06,15:06,4,荆州
2026-08-06,15:07,5,长安
2026-08-06,15:08,7,汉中
2026-08-06,15:09,5,长安
2026-08-06,15:10,5,长安
2026-08-06,15:11,7,汉中
2026-08-06,15:12,7,汉中
2026-08-06,15:13,3,建业
2026-08-06,15:14,4,荆州
2026-08-06,15:15,6,许昌
2026-08-06,15:16,2,成都
2026-08-06,15:17,3,建业
2026-08-06,15:18,2,成都
2026-08-06,15:19,5,长安
2026-08-06,15:20,3,建业
2026-08-06,15:21,6,许昌
2026-08-06,15:22,6,许昌
2026-08-06,15:23,6,许昌
2026-08-06,15:24,6,许昌
2026-08-06,15:25,6,许昌
2026-08-06,15:26,3,建业
2026-08-06,15:27,3,建业
2026-08-06,15:28,1,洛阳
2026-08-06,15:29,5,长安
2026-08-06,15:30,7,汉中
2026-08-06,15:31,3,建业
2026-08-06,15:32,3,建业
2026-08-06,15:33,7,汉中
2026-08-06,15:34,7,汉中
2026-08-06,15:35,7,汉中
2026-08-06,15:36,5,长安
2026-08-06,15:37,5,长安
2026-08-06,15:38,6,许昌
2026-08-06,15:39,5,长安
2026-08-06,15:40,5,长安
2026-08-06,15:41,7,汉中
2026-08-06,15:42,3,建业
2026-08-06,15:43,7,汉中
2026-08-06,15:44,4,荆州
2026-08-06,15:45,4,荆州
2026-08-06,15:46,6,许昌
2026-08-06,15:47,6,许昌
2026-08-06,15:48,7,汉中
2026-08-06,15:49,6,许昌
2026-08-06,15:50,4,荆州
2026-08-06,15:51,6,许昌
2026-08-06,15:52,5,长安
2026-08-06,15:53,6,许昌
2026-08-06,15:54,6,许昌
2026-08-06,15:55,7,汉中
2026-08-06,15:56,6,许昌
2026-08-06,15:57,5,长安
2026-08-06,15:58,7,汉中
2026-08-06,15:59,7,汉中
2026-08-06,16:00,4,荆州
2026-08-06,16:01,5,长安
2026-08-06,16:02,4,荆州
2026-08-06,16:03,6,许昌
2026-08-06,16:04,4,荆州
2026-08-06,16:05,3,建业
2026-08-06,16:06,6,许昌
2026-08-06,16:07,4,荆州
2026-08-06,16:08,4,荆州
2026-08-06,16:09,2,成都
2026-08-06,16:10,6,许昌
2026-08-06,16:11,5,长安
2026-08-06,16:12,6,许昌
2026-08-06,16:13,5,长安
2026-08-06,16:14,6,许昌
2026-08-06,16:15,4,荆州
2026-08-06,16:16,4,荆州
2026-08-06,16:17,6,许昌
2026-08-06,16:18,5,长安
2026-08-06,16:19,3,建业
2026-08-06,16:20,5,长安
2026-08-06,16:21,7,汉中
2026-08-06,16:22,4,荆州
2026-08-06,16:23,6,许昌
2026-08-06,16:24,5,长安
2026-08-06,16:25,6,许昌
2026-08-06,16:26,6,许昌
2026-08-06,16:27,3,建业
2026-08-06,16:28,7,汉中
2026-08-06,16:29,4,荆州
2026-08-06,16:30,4,荆州
2026-08-06,16:31,4,荆州
2026-08-06,16:32,4,荆州
2026-08-06,16:33,5,长安
2026-08-06,16:34,7,汉中
2026-08-06,16:35,3,建业
2026-08-06,16:36,2,成都
2026-08-06,16:37,5,长安
2026-08-06,16:38,6,许昌
2026-08-06,16:39,4,荆州
2026-08-06,16:40,6,许昌
2026-08-06,16:41,6,许昌
2026-08-06,16:42,7,汉中
2026-08-06,16:43,7,汉中
2026-08-06,16:44,6,许昌
2026-08-06,16:45,7,汉中
2026-08-06,16:46,6,许昌
2026-08-06,16:47,5,长安
2026-08-06,16:48,5,长安
2026-08-06,16:49,7,汉中
2026-08-06,16:50,5,长安
2026-08-06,16:51,7,汉中
2026-08-06,16:52,6,许昌
2026-08-06,16:53,6,许昌
2026-08-06,16:54,6,许昌
2026-08-06,16:55,7,汉中
2026-08-06,16:56,3,建业
2026-08-06,16:57,5,长安
2026-08-06,16:58,4,荆州
2026-08-06,16:59,6,许昌
2026-08-06,17:00,1,洛阳
2026-08-06,17:01,5,长安
2026-08-06,17:02,4,荆州
2026-08-06,17:03,5,长安
2026-08-06,17:04,4,荆州
2026-08-06,17:05,4,荆州
2026-08-06,17:06,5,长安
2026-08-06,17:07,7,汉中
2026-08-06,17:08,7,汉中
2026-08-06,17:09,6,许昌
2026-08-06,17:10,6,许昌
2026-08-06,17:11,7,汉中
2026-08-06,17:12,3,建业
2026-08-06,17:13,6,许昌
2026-08-06,17:14,5,长安
2026-08-06,17:15,6,许昌
2026-08-06,17:16,6,许昌
2026-08-06,17:17,3,建业
2026-08-06,17:18,7,汉中
2026-08-06,17:19,6,许昌
2026-08-06,17:20,4,荆州
2026-08-06,17:21,5,长安
2026-08-06,17:22,5,长安
2026-08-06,17:23,6,许昌
2026-08-06,17:24,4,荆州
2026-08-06,17:25,5,长安
2026-08-06,17:26,4,荆州
2026-08-06,17:27,6,许昌
2026-08-06,17:28,1,洛阳
2026-08-06,17:29,7,汉中
2026-08-06,17:30,7,汉中
2026-08-06,17:31,6,许昌
2026-08-06,17:32,5,长安
2026-08-06,17:33,7,汉中
2026-08-06,17:34,4,荆州
2026-08-06,17:35,3,建业
2026-08-06,17:36,4,荆州
2026-08-06,17:37,6,许昌
2026-08-06,17:38,7,汉中
2026-08-06,17:39,7,汉中
2026-08-06,17:40,7,汉中
2026-08-06,17:41,2,成都
2026-08-06,17:42,5,长安
2026-08-06,17:43,4,荆州
2026-08-06,17:44,3,建业
2026-08-06,17:45,5,长安
2026-08-06,17:46,6,许昌
2026-08-06,17:47,2,成都
2026-08-06,17:48,5,长安
2026-08-06,17:49,7,汉中
2026-08-06,17:50,4,荆州
2026-08-06,17:51,6,许昌
2026-08-06,17:52,3,建业
2026-08-06,17:53,4,荆州
2026-08-06,17:54,5,长安
2026-08-06,17:55,3,建业
2026-08-06,17:56,6,许昌
2026-08-06,17:57,6,许昌
2026-08-06,17:58,6,许昌
2026-08-06,17:59,5,长安
2026-08-06,18:00,5,长安
2026-08-06,18:01,1,洛阳
2026-08-06,18:02,2,成都
2026-08-06,18:03,1,洛阳
2026-08-06,18:04,4,荆州
2026-08-06,18:05,3,建业
2026-08-06,18:06,5,长安
2026-08-06,18:07,7,汉中
2026-08-06,18:08,6,许昌
2026-08-06,18:09,5,长安
2026-08-06,18:10,7,汉中
2026-08-06,18:11,4,荆州
2026-08-06,18:12,5,长安
2026-08-06,18:13,7,汉中
2026-08-06,18:14,7,汉中
2026-08-06,18:15,5,长安
2026-08-06,18:16,7,汉中
2026-08-07,01:45,6,许昌
2026-08-07,01:46,5,长安
2026-08-07,01:47,2,成都
2026-08-07,01:48,5,长安
2026-08-07,01:49,5,长安
2026-08-07,01:50,6,许昌
2026-08-07,01:51,6,许昌
2026-08-07,01:52,1,洛阳
2026-08-07,01:53,7,汉中
2026-08-07,01:54,1,洛阳
2026-08-07,01:55,7,汉中
2026-08-07,01:56,6,许昌
2026-08-07,01:57,6,许昌
2026-08-07,01:58,5,长安
2026-08-07,01:59,2,成都
2026-08-07,02:00,5,长安
2026-08-07,02:01,3,建业
2026-08-07,02:02,6,许昌
2026-08-07,02:03,2,成都
2026-08-07,02:04,4,荆州
2026-08-07,02:05,7,汉中
2026-08-07,02:06,7,汉中
2026-08-07,02:07,5,长安
2026-08-07,02:08,7,汉中
2026-08-07,02:09,5,长安
2026-08-07,02:10,5,长安
2026-08-07,02:11,5,长安
2026-08-07,02:12,4,荆州
2026-08-07,02:13,6,许昌
2026-08-07,02:14,4,荆州
2026-08-07,02:15,7,汉中
2026-08-07,02:16,5,长安
2026-08-07,02:17,3,建业
2026-08-07,02:18,2,成都
2026-08-07,02:19,5,长安
2026-08-07,02:20,6,许昌
2026-08-07,02:21,4,荆州
2026-08-07,02:22,7,汉中
2026-08-07,02:23,3,建业
2026-08-07,02:24,4,荆州
2026-08-07,02:25,7,汉中
2026-08-07,02:26,5,长安
2026-08-07,02:27,7,汉中
2026-08-07,02:28,7,汉中
2026-08-07,02:29,6,许昌
2026-08-07,02:30,1,洛阳
2026-08-07,02:31,6,许昌
2026-08-07,02:32,4,荆州
2026-08-07,02:33,2,成都
2026-08-07,02:34,7,汉中
2026-08-07,02:35,6,许昌
2026-08-07,02:36,3,建业
2026-08-07,02:37,7,汉中
2026-08-07,02:38,5,长安
2026-08-07,02:39,4,荆州
2026-08-07,02:40,6,许昌
2026-08-07,02:41,7,汉中
2026-08-07,02:42,2,成都
2026-08-07,02:43,3,建业
2026-08-07,02:44,7,汉中
2026-08-07,02:45,6,许昌
2026-08-07,02:46,4,荆州
2026-08-07,02:47,5,长安
2026-08-07,02:48,3,建业
2026-08-07,02:49,6,许昌
2026-08-07,02:50,5,长安
2026-08-07,02:51,5,长安
2026-08-07,02:52,2,成都
2026-08-07,02:53,5,长安
2026-08-07,02:54,7,汉中
2026-08-07,02:55,7,汉中
2026-08-07,02:56,6,许昌
2026-08-07,02:57,7,汉中
2026-08-07,02:58,2,成都
2026-08-07,02:59,4,荆州
2026-08-07,03:00,7,汉中
2026-08-07,03:01,7,汉中
2026-08-07,03:02,5,长安
2026-08-07,03:03,4,荆州
2026-08-07,03:04,7,汉中
2026-08-07,03:05,6,许昌
2026-08-07,03:06,7,汉中
2026-08-07,03:07,3,建业
2026-08-07,03:08,7,汉中
2026-08-07,03:09,7,汉中
2026-08-07,03:10,7,汉中
2026-08-07,03:11,6,许昌
2026-08-07,03:12,4,荆州
2026-08-07,03:13,7,汉中
2026-08-07,03:14,3,建业
2026-08-07,03:15,2,成都
2026-08-07,03:16,3,建业
2026-08-07,03:17,6,许昌
2026-08-07,03:18,2,成都
2026-08-07,03:19,6,许昌
2026-08-07,03:20,4,荆州
2026-08-07,03:21,7,汉中
2026-08-07,03:22,7,汉中
2026-08-07,03:23,6,许昌
2026-08-07,03:24,5,长安
2026-08-07,03:25,2,成都
2026-08-07,03:26,5,长安
2026-08-07,03:27,5,长安
2026-08-07,03:28,6,许昌
2026-08-07,03:29,5,长安
2026-08-07,03:30,1,洛阳
2026-08-07,03:31,6,许昌
2026-08-07,03:32,6,许昌
2026-08-07,03:33,6,许昌
2026-08-07,03:34,4,荆州
2026-08-07,03:35,5,长安
2026-08-07,03:36,2,成都
2026-08-07,03:37,6,许昌
2026-08-07,03:38,6,许昌
2026-08-07,03:39,5,长安
2026-08-07,03:40,5,长安
2026-08-07,03:41,4,荆州
2026-08-07,03:42,7,汉中
2026-08-07,03:43,4,荆州
2026-08-07,03:44,7,汉中
2026-08-07,03:45,2,成都
2026-08-07,03:46,7,汉中
2026-08-07,03:47,6,许昌
2026-08-07,03:48,2,成都
2026-08-07,03:49,7,汉中
2026-08-07,03:50,6,许昌
2026-08-07,03:51,5,长安
2026-08-07,03:52,4,荆州
2026-08-07,03:53,5,长安
2026-08-07,03:54,7,汉中
2026-08-07,03:55,7,汉中
2026-08-07,03:56,3,建业
2026-08-07,03:57,4,荆州
2026-08-07,03:58,7,汉中
2026-08-07,03:59,6,许昌
2026-08-07,04:00,6,许昌
2026-08-07,04:01,6,许昌
2026-08-07,04:02,7,汉中
2026-08-07,04:03,5,长安
2026-08-07,04:04,4,荆州
2026-08-07,04:05,5,长安
2026-08-07,04:06,7,汉中
2026-08-07,04:07,4,荆州
2026-08-07,04:08,7,汉中
2026-08-07,04:09,6,许昌
2026-08-07,04:10,7,汉中
2026-08-07,04:11,7,汉中
2026-08-07,04:12,7,汉中
2026-08-07,04:13,6,许昌
2026-08-07,04:14,6,许昌
2026-08-07,04:15,7,汉中
2026-08-07,04:16,4,荆州
2026-08-07,04:17,6,许昌
2026-08-07,04:18,1,洛阳
2026-08-07,04:19,1,洛阳
2026-08-07,04:20,5,长安
2026-08-07,04:21,7,汉中
2026-08-07,04:22,6,许昌
2026-08-07,04:23,2,成都
2026-08-07,04:24,6,许昌
2026-08-07,04:25,5,长安
2026-08-07,04:26,4,荆州
2026-08-07,04:27,7,汉中
2026-08-07,04:28,3,建业
2026-08-07,04:29,5,长安
2026-08-07,04:30,2,成都
2026-08-07,04:31,3,建业
2026-08-07,04:32,7,汉中
2026-08-07,04:33,2,成都
2026-08-07,04:34,6,许昌
2026-08-07,04:35,5,长安
2026-08-07,04:36,7,汉中
2026-08-07,04:37,6,许昌
2026-08-07,04:38,5,长安
2026-08-07,04:39,6,许昌
2026-08-07,04:40,5,长安
2026-08-07,04:41,2,成都
2026-08-07,04:42,1,洛阳
2026-08-07,04:43,7,汉中
2026-08-07,04:44,4,荆州
2026-08-07,04:45,5,长安
2026-08-07,04:46,3,建业
2026-08-07,04:47,6,许昌
2026-08-07,04:48,5,长安
2026-08-07,04:49,2,成都
2026-08-07,04:50,7,汉中
2026-08-07,04:51,5,长安
2026-08-07,04:52,2,成都
2026-08-07,04:53,4,荆州
2026-08-07,04:54,5,长安
2026-08-07,04:55,7,汉中
2026-08-07,04:56,5,长安
2026-08-07,04:57,1,洛阳
2026-08-07,04:58,5,长安
2026-08-07,04:59,5,长安
2026-08-07,05:00,6,许昌
2026-08-07,05:01,6,许昌
2026-08-07,05:02,6,许昌
2026-08-07,05:03,6,许昌
2026-08-07,05:04,6,许昌
2026-08-07,05:05,7,汉中
2026-08-07,05:06,7,汉中
2026-08-07,05:07,6,许昌
2026-08-07,05:08,7,汉中
2026-08-07,05:09,4,荆州
2026-08-07,05:10,5,长安
2026-08-07,05:11,5,长安
2026-08-07,05:12,4,荆州
2026-08-07,05:13,7,汉中
2026-08-07,05:14,6,许昌
2026-08-07,05:15,6,许昌
2026-08-07,05:16,7,汉中
2026-08-07,05:17,5,长安
2026-08-07,05:18,5,长安
2026-08-07,05:19,5,长安
2026-08-07,05:20,7,汉中
2026-08-07,05:21,7,汉中
2026-08-07,05:22,4,荆州
2026-08-07,05:23,7,汉中
2026-08-07,05:24,6,许昌
2026-08-07,05:25,1,洛阳
2026-08-07,05:26,2,成都
2026-08-07,05:27,5,长安
2026-08-07,05:28,2,成都
2026-08-07,05:29,6,许昌
2026-08-07,05:30,2,成都
2026-08-07,05:31,6,许昌
2026-08-07,05:32,4,荆州
2026-08-07,05:33,3,建业
2026-08-07,05:34,5,长安
2026-08-07,05:35,2,成都
2026-08-07,05:36,6,许昌
2026-08-07,05:37,5,长安
2026-08-07,05:38,6,许昌
2026-08-07,05:39,4,荆州
2026-08-07,05:40,6,许昌
2026-08-07,05:41,7,汉中
2026-08-07,05:42,6,许昌
2026-08-07,05:43,5,长安
2026-08-07,05:44,3,建业
2026-08-07,05:45,6,许昌
2026-08-07,05:46,5,长安
2026-08-07,05:47,6,许昌
2026-08-07,05:48,6,许昌
2026-08-07,05:49,6,许昌
2026-08-07,05:50,6,许昌
2026-08-07,05:51,4,荆州
2026-08-07,05:52,6,许昌
2026-08-07,05:53,2,成都
2026-08-07,05:54,7,汉中
2026-08-07,05:55,6,许昌
2026-08-07,05:56,7,汉中
2026-08-07,05:57,6,许昌
2026-08-07,05:58,6,许昌
2026-08-07,05:59,6,许昌
2026-08-07,06:00,3,建业
2026-08-07,06:01,5,长安
2026-08-07,06:02,6,许昌
2026-08-07,06:03,7,汉中
2026-08-07,06:04,6,许昌
2026-08-07,06:05,7,汉中
2026-08-07,06:06,5,长安
2026-08-07,06:07,7,汉中
2026-08-07,06:08,7,汉中
2026-08-07,06:09,5,长安
2026-08-07,06:10,5,长安
2026-08-07,06:11,5,长安
2026-08-07,06:12,5,长安
2026-08-07,06:13,5,长安
2026-08-07,06:14,7,汉中
2026-08-07,06:15,7,汉中
2026-08-07,06:16,6,许昌
2026-08-07,06:17,5,长安
2026-08-07,06:18,6,许昌
2026-08-07,06:19,4,荆州
2026-08-07,06:20,7,汉中
2026-08-07,06:21,5,长安
2026-08-07,06:22,6,许昌
2026-08-07,06:23,7,汉中
2026-08-07,06:24,5,长安
2026-08-07,06:25,5,长安
2026-08-07,06:26,3,建业
2026-08-07,06:27,7,汉中
2026-08-07,06:28,7,汉中
2026-08-07,06:29,1,洛阳
2026-08-07,06:30,6,许昌
2026-08-07,06:31,5,长安
2026-08-07,06:32,7,汉中
2026-08-07,06:33,7,汉中
2026-08-07,06:34,5,长安
2026-08-07,06:35,6,许昌
2026-08-07,06:36,7,汉中
2026-08-07,06:37,5,长安
2026-08-07,06:38,7,汉中
2026-08-07,06:39,7,汉中
2026-08-07,06:40,7,汉中
2026-08-07,06:41,5,长安
2026-08-07,06:42,7,汉中
2026-08-07,06:43,3,建业
2026-08-07,06:44,3,建业
2026-08-07,06:45,4,荆州
2026-08-07,06:46,5,长安
2026-08-07,06:47,4,荆州
2026-08-07,06:48,4,荆州
2026-08-07,06:49,3,建业
2026-08-07,06:50,2,成都
2026-08-07,06:51,2,成都
2026-08-07,06:52,1,洛阳
2026-08-07,06:53,6,许昌
2026-08-07,06:54,5,长安
2026-08-07,06:55,4,荆州
2026-08-07,06:56,4,荆州
2026-08-07,06:57,7,汉中
2026-08-07,06:58,5,长安
2026-08-07,06:59,6,许昌
2026-08-07,07:00,5,长安
2026-08-07,07:01,6,许昌
2026-08-07,07:02,5,长安
2026-08-07,07:03,7,汉中
2026-08-07,07:04,6,许昌
2026-08-07,07:05,6,许昌
2026-08-07,07:06,3,建业
2026-08-07,07:07,4,荆州
2026-08-07,07:08,4,荆州
2026-08-07,07:09,6,许昌
2026-08-07,07:10,6,许昌
2026-08-07,07:11,5,长安
2026-08-07,07:12,7,汉中
2026-08-07,07:13,7,汉中
2026-08-07,07:14,7,汉中
2026-08-07,07:15,3,建业
2026-08-07,07:16,5,长安
2026-08-07,07:17,7,汉中
2026-08-07,07:18,7,汉中
2026-08-07,07:19,4,荆州
2026-08-07,07:20,5,长安
2026-08-07,07:21,5,长安
2026-08-07,07:22,1,洛阳
2026-08-07,07:23,5,长安
2026-08-07,07:24,5,长安
2026-08-07,07:25,5,长安
2026-08-07,07:26,4,荆州
2026-08-07,07:27,7,汉中
2026-08-07,07:28,6,许昌
2026-08-07,07:29,5,长安
2026-08-07,07:30,5,长安
2026-08-07,07:31,7,汉中
2026-08-07,07:32,4,荆州
2026-08-07,07:33,7,汉中
2026-08-07,07:34,5,长安
2026-08-07,07:35,6,许昌
2026-08-07,07:36,6,许昌
2026-08-07,07:37,6,许昌
2026-08-07,07:38,1,洛阳
2026-08-07,07:39,7,汉中
2026-08-07,07:40,4,荆州
2026-08-07,07:41,4,荆州
2026-08-07,07:42,2,成都
2026-08-07,07:43,7,汉中
2026-08-07,07:44,5,长安
2026-08-07,07:45,4,荆州
2026-08-07,07:46,4,荆州
2026-08-07,07:47,5,长安
2026-08-07,07:48,5,长安
2026-08-07,07:49,6,许昌
2026-08-07,07:50,3,建业
2026-08-07,07:51,7,汉中
2026-08-07,07:52,2,成都
2026-08-07,07:53,4,荆州
2026-08-07,07:54,7,汉中
2026-08-07,07:55,5,长安
2026-08-07,07:56,6,许昌
2026-08-07,07:57,5,长安
2026-08-07,07:58,6,许昌
2026-08-07,07:59,7,汉中
2026-08-07,08:00,6,许昌
2026-08-07,08:01,3,建业
2026-08-07,08:02,5,长安
2026-08-07,08:03,2,成都
2026-08-07,08:04,6,许昌
2026-08-07,08:05,7,汉中
2026-08-07,08:06,7,汉中
2026-08-07,08:07,5,长安
2026-08-07,08:08,7,汉中
2026-08-07,08:09,6,许昌
2026-08-07,08:10,7,汉中
2026-08-07,08:11,6,许昌
2026-08-07,08:12,6,许昌
2026-08-07,08:13,7,汉中
2026-08-07,08:14,4,荆州
2026-08-07,08:15,6,许昌
2026-08-07,08:16,7,汉中
2026-08-07,08:17,6,许昌
2026-08-07,08:18,6,许昌
2026-08-07,08:19,7,汉中
2026-08-07,08:20,7,汉中
2026-08-07,08:21,6,许昌
2026-08-07,08:22,7,汉中
2026-08-07,08:23,7,汉中
2026-08-07,08:24,5,长安
2026-08-07,08:25,6,许昌
2026-08-07,08:26,7,汉中
2026-08-07,08:27,7,汉中
2026-08-07,08:28,7,汉中
2026-08-07,08:29,7,汉中
2026-08-07,08:30,7,汉中
2026-08-07,08:31,6,许昌
2026-08-07,08:32,6,许昌
2026-08-07,08:33,2,成都
2026-08-07,08:34,3,建业
2026-08-07,08:35,3,建业
2026-08-07,08:36,4,荆州
2026-08-07,08:37,7,汉中
2026-08-07,08:38,6,许昌
2026-08-07,08:39,6,许昌
2026-08-07,08:40,6,许昌
2026-08-07,08:41,1,洛阳
2026-08-07,08:42,7,汉中
2026-08-07,08:43,6,许昌
2026-08-07,08:44,5,长安
2026-08-07,08:45,6,许昌
2026-08-07,08:46,4,荆州
2026-08-07,08:47,6,许昌
2026-08-07,08:48,7,汉中
2026-08-07,08:49,5,长安
2026-08-07,08:50,5,长安
2026-08-07,08:51,6,许昌
2026-08-07,08:52,4,荆州
2026-08-07,08:53,6,许昌
2026-08-07,08:54,6,许昌
2026-08-07,08:55,1,洛阳
2026-08-07,08:56,6,许昌
2026-08-07,08:57,3,建业
2026-08-07,08:58,4,荆州
2026-08-07,08:59,5,长安
2026-08-07,09:00,5,长安
2026-08-07,09:01,5,长安
2026-08-07,09:02,7,汉中
2026-08-07,09:03,7,汉中
2026-08-07,09:04,6,许昌
2026-08-07,09:05,7,汉中
2026-08-07,09:06,5,长安
2026-08-07,09:07,6,许昌
2026-08-07,09:08,7,汉中
2026-08-07,09:09,6,许昌
2026-08-07,09:10,5,长安
2026-08-07,09:11,5,长安
2026-08-07,09:12,7,汉中
2026-08-07,09:13,6,许昌
2026-08-07,09:14,7,汉中
2026-08-07,09:15,3,建业
2026-08-07,09:16,5,长安
2026-08-07,09:17,6,许昌
2026-08-07,09:18,6,许昌
2026-08-07,09:19,6,许昌
2026-08-07,09:20,4,荆州
2026-08-07,09:21,7,汉中
2026-08-07,09:22,5,长安
2026-08-07,09:23,5,长安
2026-08-07,09:24,6,许昌
2026-08-07,09:25,7,汉中
2026-08-07,09:26,3,建业
2026-08-07,09:27,7,汉中
2026-08-07,09:28,4,荆州
2026-08-07,09:29,5,长安
2026-08-07,09:30,5,长安
2026-08-07,09:31,2,成都
2026-08-07,09:32,5,长安
2026-08-07,09:33,6,许昌
2026-08-07,09:34,6,许昌
2026-08-07,09:35,6,许昌
2026-08-07,09:36,6,许昌
2026-08-07,09:37,7,汉中
2026-08-07,09:38,4,荆州
2026-08-07,09:39,3,建业
2026-08-07,09:40,7,汉中
2026-08-07,09:41,6,许昌
2026-08-07,09:42,5,长安
2026-08-07,09:43,6,许昌
2026-08-07,09:44,5,长安
2026-08-07,09:45,7,汉中
2026-08-07,09:46,4,荆州
2026-08-07,09:47,3,建业
2026-08-07,09:48,5,长安
2026-08-07,09:49,7,汉中
2026-08-07,09:50,3,建业
2026-08-07,09:51,5,长安
2026-08-07,09:52,5,长安
2026-08-07,09:53,7,汉中
2026-08-07,09:54,5,长安
2026-08-07,09:55,6,许昌
2026-08-07,09:56,5,长安
2026-08-07,09:57,6,许昌
2026-08-07,09:58,6,许昌
2026-08-07,09:59,1,洛阳
2026-08-07,10:00,7,汉中
2026-08-07,10:01,4,荆州
2026-08-07,10:02,3,建业
2026-08-07,10:03,6,许昌
2026-08-07,10:04,4,荆州
2026-08-07,10:05,3,建业
2026-08-07,10:06,6,许昌
2026-08-07,10:07,6,许昌
2026-08-07,10:08,6,许昌
2026-08-07,10:09,6,许昌
2026-08-07,10:10,6,许昌
2026-08-07,10:11,5,长安
2026-08-07,10:12,7,汉中
2026-08-07,10:13,5,长安
2026-08-07,10:14,3,建业
2026-08-07,10:15,5,长安
2026-08-07,10:16,7,汉中
2026-08-07,10:17,6,许昌
2026-08-07,10:18,5,长安
2026-08-07,10:19,5,长安
2026-08-07,10:20,4,荆州
2026-08-07,10:21,2,成都
2026-08-07,10:22,6,许昌
2026-08-07,10:23,6,许昌
2026-08-07,10:24,1,洛阳
2026-08-07,10:25,7,汉中
2026-08-07,10:26,7,汉中
2026-08-07,10:27,4,荆州
2026-08-07,10:28,2,成都
2026-08-07,10:29,4,荆州
2026-08-07,10:30,6,许昌
2026-08-07,10:31,6,许昌
2026-08-07,10:32,7,汉中
2026-08-07,10:33,5,长安
2026-08-07,10:34,3,建业
2026-08-07,10:35,5,长安
2026-08-07,10:36,6,许昌
2026-08-07,10:37,6,许昌
2026-08-07,10:38,6,许昌
2026-08-07,10:39,7,汉中
2026-08-07,10:40,7,汉中
2026-08-07,10:41,7,汉中
2026-08-07,10:42,6,许昌
2026-08-07,10:43,7,汉中
2026-08-07,10:44,5,长安
2026-08-07,10:45,1,洛阳
2026-08-07,10:46,6,许昌
2026-08-07,10:47,4,荆州
2026-08-07,10:48,5,长安
2026-08-07,10:49,6,许昌
2026-08-07,10:50,3,建业
2026-08-07,10:51,6,许昌
2026-08-07,10:52,5,长安
2026-08-07,10:53,6,许昌
2026-08-07,10:54,5,长安
2026-08-07,10:55,7,汉中
2026-08-07,10:56,6,许昌
2026-08-07,10:57,5,长安
2026-08-07,10:58,7,汉中
2026-08-07,10:59,3,建业
2026-08-07,11:00,4,荆州
2026-08-07,11:01,1,洛阳
2026-08-07,11:02,5,长安
2026-08-07,11:03,1,洛阳
2026-08-07,11:04,1,洛阳
2026-08-07,11:05,5,长安
2026-08-07,11:06,2,成都
2026-08-07,11:07,7,汉中
2026-08-07,11:08,1,洛阳
2026-08-07,11:09,4,荆州
2026-08-07,11:10,7,汉中
2026-08-07,11:11,7,汉中
2026-08-07,11:12,7,汉中
2026-08-07,11:13,4,荆州
2026-08-07,11:14,7,汉中
2026-08-07,11:15,6,许昌
2026-08-07,11:16,7,汉中
2026-08-07,11:17,3,建业
2026-08-07,11:18,4,荆州
2026-08-07,11:19,1,洛阳
2026-08-07,11:20,2,成都
2026-08-07,11:21,7,汉中
2026-08-07,11:22,5,长安
2026-08-07,11:23,5,长安
2026-08-07,11:24,3,建业
2026-08-07,11:25,7,汉中
2026-08-07,11:26,4,荆州
2026-08-07,11:27,4,荆州
2026-08-07,11:28,5,长安
2026-08-07,11:29,4,荆州
2026-08-07,11:30,5,长安
2026-08-07,11:31,1,洛阳
2026-08-07,11:32,5,长安
2026-08-07,11:33,6,许昌
2026-08-07,11:34,5,长安
2026-08-07,11:35,4,荆州
2026-08-07,11:36,5,长安
2026-08-07,11:37,2,成都
2026-08-07,11:38,7,汉中
2026-08-07,11:39,6,许昌
2026-08-07,11:40,5,长安
2026-08-07,11:41,6,许昌
2026-08-07,11:42,4,荆州
2026-08-07,11:43,1,洛阳
2026-08-07,11:44,7,汉中
2026-08-07,11:45,7,汉中
2026-08-07,11:46,5,长安
2026-08-07,11:47,5,长安
2026-08-07,11:48,7,汉中
2026-08-07,11:49,5,长安
2026-08-07,11:50,6,许昌
2026-08-07,11:51,7,汉中
2026-08-07,11:52,7,汉中
2026-08-07,11:53,7,汉中
2026-08-07,11:54,6,许昌
2026-08-07,11:55,6,许昌
2026-08-07,11:56,6,许昌
2026-08-07,11:57,3,建业
2026-08-07,11:58,5,长安
2026-08-07,11:59,6,许昌
2026-08-07,12:00,7,汉中
2026-08-07,12:01,5,长安
2026-08-07,12:02,6,许昌
2026-08-07,12:03,1,洛阳
2026-08-07,12:04,6,许昌
2026-08-07,12:05,3,建业
2026-08-07,12:06,4,荆州
2026-08-07,12:07,4,荆州
2026-08-07,12:08,2,成都
2026-08-07,12:09,6,许昌
2026-08-07,12:10,7,汉中
2026-08-07,12:11,6,许昌
2026-08-07,12:12,6,许昌
2026-08-07,12:13,5,长安
2026-08-07,12:14,6,许昌
2026-08-07,12:15,4,荆州
2026-08-07,12:16,7,汉中
2026-08-07,12:17,7,汉中
2026-08-07,12:18,6,许昌
2026-08-07,12:19,5,长安
2026-08-07,12:20,7,汉中
2026-08-07,12:21,2,成都
2026-08-07,12:22,1,洛阳
2026-08-07,12:23,2,成都
2026-08-07,12:24,3,建业
2026-08-07,12:25,7,汉中
2026-08-07,12:26,5,长安
2026-08-07,12:27,5,长安
2026-08-07,12:28,7,汉中
2026-08-07,12:29,7,汉中
2026-08-07,12:30,6,许昌
2026-08-07,12:31,7,汉中
2026-08-07,12:32,5,长安
2026-08-07,12:33,6,许昌
2026-08-07,12:34,3,建业
2026-08-07,12:35,3,建业
2026-08-07,12:36,4,荆州
2026-08-07,12:37,6,许昌
2026-08-07,12:38,5,长安
2026-08-07,12:39,6,许昌
2026-08-07,12:40,5,长安
2026-08-07,12:41,4,荆州
2026-08-07,12:42,6,许昌
2026-08-07,12:43,7,汉中
2026-08-07,12:44,6,许昌
2026-08-07,12:45,7,汉中
2026-08-07,12:46,6,许昌
2026-08-07,12:47,6,许昌
2026-08-07,12:48,4,荆州
2026-08-07,12:49,7,汉中
2026-08-07,12:50,3,建业
2026-08-07,12:51,5,长安
2026-08-07,12:52,5,长安
2026-08-07,12:53,5,长安
2026-08-07,12:54,5,长安
2026-08-07,12:55,7,汉中
2026-08-07,12:56,6,许昌
2026-08-07,12:57,7,汉中
2026-08-07,12:58,5,长安
2026-08-07,12:59,6,许昌
2026-08-07,13:00,5,长安
2026-08-07,13:01,7,汉中
2026-08-07,13:02,5,长安
2026-08-07,13:03,1,洛阳
2026-08-07,13:04,5,长安
2026-08-07,13:05,6,许昌
2026-08-07,13:06,4,荆州
2026-08-07,13:07,5,长安
2026-08-07,13:08,7,汉中
2026-08-07,13:09,2,成都
2026-08-07,13:10,7,汉中
2026-08-07,13:11,7,汉中
2026-08-07,13:12,5,长安
2026-08-07,13:13,6,许昌
2026-08-07,13:14,6,许昌
2026-08-07,13:15,6,许昌
2026-08-07,13:16,5,长安
2026-08-07,13:17,4,荆州
2026-08-07,13:18,3,建业
2026-08-07,13:19,6,许昌
2026-08-07,13:20,7,汉中
2026-08-07,13:21,3,建业
2026-08-07,13:22,6,许昌
2026-08-07,13:23,7,汉中
2026-08-07,13:24,7,汉中
2026-08-07,13:25,7,汉中
2026-08-07,13:26,6,许昌
2026-08-07,13:27,5,长安
2026-08-07,13:28,4,荆州
2026-08-07,13:29,5,长安
2026-08-07,13:30,5,长安
2026-08-07,13:31,6,许昌
2026-08-07,13:32,5,长安
2026-08-07,13:33,7,汉中
2026-08-07,13:34,3,建业
2026-08-07,13:35,6,许昌
2026-08-07,13:36,7,汉中
2026-08-07,13:37,6,许昌
2026-08-07,13:38,7,汉中
2026-08-07,13:39,6,许昌
2026-08-07,13:40,5,长安
2026-08-07,13:41,3,建业
2026-08-07,13:42,3,建业
2026-08-07,13:43,6,许昌
2026-08-07,13:44,5,长安
2026-08-07,13:45,3,建业
2026-08-07,13:46,1,洛阳
2026-08-07,13:47,6,许昌
2026-08-07,13:48,6,许昌
2026-08-07,13:49,6,许昌
2026-08-07,13:50,7,汉中
2026-08-07,13:51,6,许昌
2026-08-07,13:52,7,汉中
2026-08-07,13:53,6,许昌
2026-08-07,13:54,6,许昌
2026-08-07,13:55,4,荆州
2026-08-07,13:56,6,许昌
2026-08-07,13:57,7,汉中
2026-08-07,13:58,7,汉中
2026-08-07,13:59,6,许昌
2026-08-07,14:00,6,许昌
2026-08-07,14:01,6,许昌
2026-08-07,14:02,4,荆州
2026-08-07,14:03,5,长安
2026-08-07,14:04,6,许昌
2026-08-07,14:05,7,汉中
2026-08-07,14:06,3,建业
2026-08-07,14:07,7,汉中
2026-08-07,14:08,6,许昌
2026-08-07,14:09,7,汉中
2026-08-07,14:10,7,汉中
2026-08-07,14:11,3,建业
2026-08-07,14:12,3,建业
2026-08-07,14:13,3,建业
2026-08-07,14:14,7,汉中
2026-08-07,14:15,4,荆州
2026-08-07,14:16,6,许昌
2026-08-07,14:17,5,长安
2026-08-07,14:18,7,汉中
2026-08-07,14:19,4,荆州
2026-08-07,14:20,6,许昌
2026-08-07,14:21,3,建业
2026-08-07,14:22,7,汉中
2026-08-07,14:23,6,许昌
2026-08-07,14:24,7,汉中
2026-08-07,14:25,5,长安
2026-08-07,14:26,6,许昌
2026-08-07,14:27,5,长安
2026-08-07,14:28,7,汉中
2026-08-07,14:29,7,汉中
2026-08-07,14:30,1,洛阳
2026-08-07,14:31,6,许昌
2026-08-07,14:32,5,长安
2026-08-07,14:33,6,许昌
2026-08-07,14:34,3,建业
2026-08-07,14:35,5,长安
2026-08-07,14:36,2,成都
2026-08-07,14:37,6,许昌
2026-08-07,14:38,7,汉中
2026-08-07,14:39,6,许昌
2026-08-07,14:40,6,许昌
2026-08-07,14:41,7,汉中
2026-08-07,14:42,6,许昌
2026-08-07,14:43,6,许昌
2026-08-07,14:44,4,荆州
2026-08-07,14:45,6,许昌
2026-08-07,14:46,5,长安
2026-08-07,14:47,7,汉中
2026-08-07,14:48,7,汉中
2026-08-07,14:49,5,长安
2026-08-07,14:50,7,汉中
2026-08-07,14:51,5,长安
2026-08-07,14:52,5,长安
2026-08-07,14:53,4,荆州
2026-08-07,14:54,7,汉中
2026-08-07,14:55,6,许昌
2026-08-07,14:56,6,许昌
2026-08-07,14:57,5,长安
2026-08-07,14:58,5,长安
2026-08-07,14:59,1,洛阳
2026-08-07,15:00,6,许昌
2026-08-07,15:01,4,荆州
2026-08-07,15:02,4,荆州
2026-08-07,15:03,7,汉中
2026-08-07,15:04,5,长安
2026-08-07,15:05,7,汉中
2026-08-07,15:06,6,许昌
2026-08-07,15:07,2,成都
2026-08-07,15:08,6,许昌
2026-08-07,15:09,5,长安
2026-08-07,15:10,5,长安
2026-08-07,15:11,6,许昌
2026-08-07,15:12,7,汉中
2026-08-07,15:13,6,许昌
2026-08-07,15:14,1,洛阳
2026-08-07,15:15,7,汉中
2026-08-07,15:16,3,建业
2026-08-07,15:17,7,汉中
2026-08-07,15:18,6,许昌
2026-08-07,15:19,4,荆州
2026-08-07,15:20,4,荆州
2026-08-07,15:21,1,洛阳
2026-08-07,15:22,6,许昌
2026-08-07,15:23,3,建业
2026-08-07,15:24,7,汉中
2026-08-07,15:25,5,长安
2026-08-07,15:26,7,汉中
2026-08-07,15:27,4,荆州
2026-08-07,15:28,4,荆州
2026-08-07,15:29,5,长安
2026-08-07,15:30,3,建业
2026-08-07,15:31,6,许昌
2026-08-07,15:32,4,荆州
2026-08-07,15:33,5,长安
2026-08-07,15:34,3,建业
2026-08-07,15:35,6,许昌
2026-08-07,15:36,6,许昌
2026-08-07,15:37,6,许昌
2026-08-07,15:38,1,洛阳
2026-08-07,15:39,7,汉中
2026-08-07,15:40,7,汉中
2026-08-07,15:41,5,长安
2026-08-07,15:42,6,许昌
2026-08-07,15:43,1,洛阳
2026-08-07,15:44,7,汉中
2026-08-07,15:45,7,汉中
2026-08-07,15:46,6,许昌
2026-08-07,15:47,6,许昌
2026-08-07,15:48,7,汉中
2026-08-07,15:49,7,汉中
2026-08-07,15:50,7,汉中
2026-08-07,15:51,3,建业
2026-08-07,15:52,3,建业
2026-08-07,15:53,5,长安
2026-08-07,15:54,6,许昌
2026-08-07,15:55,6,许昌
2026-08-07,15:56,5,长安
2026-08-07,15:57,7,汉中
2026-08-07,15:58,5,长安
2026-08-07,15:59,7,汉中
2026-08-07,16:00,7,汉中
2026-08-07,16:01,6,许昌
2026-08-07,16:02,5,长安
2026-08-07,16:03,2,成都
2026-08-07,16:04,7,汉中
2026-08-07,16:05,6,许昌
2026-08-07,16:06,5,长安
2026-08-07,16:07,5,长安
2026-08-07,16:08,6,许昌
2026-08-07,16:09,3,建业
2026-08-07,16:10,7,汉中
2026-08-07,16:11,4,荆州
2026-08-07,16:12,6,许昌
2026-08-07,16:13,7,汉中
2026-08-07,16:14,5,长安
2026-08-07,16:15,1,洛阳
2026-08-07,16:16,5,长安
2026-08-07,16:17,2,成都
2026-08-07,16:18,6,许昌
2026-08-07,16:19,7,汉中
2026-08-07,16:20,6,许昌
2026-08-07,16:21,5,长安
2026-08-07,16:22,7,汉中
2026-08-07,16:23,3,建业
2026-08-07,16:24,7,汉中
2026-08-07,16:25,7,汉中
2026-08-07,16:26,5,长安
2026-08-07,16:27,7,汉中
2026-08-07,16:28,5,长安
2026-08-07,16:29,6,许昌
2026-08-07,16:30,3,建业
2026-08-07,16:31,6,许昌
2026-08-07,16:32,7,汉中
2026-08-07,16:33,6,许昌
2026-08-07,16:34,3,建业
2026-08-07,16:35,4,荆州
2026-08-07,16:36,6,许昌
2026-08-07,16:37,5,长安
2026-08-07,16:38,5,长安
2026-08-07,16:39,7,汉中
2026-08-07,16:40,7,汉中
2026-08-07,16:41,5,长安
2026-08-07,16:42,4,荆州
2026-08-07,16:43,2,成都
2026-08-07,16:44,6,许昌
2026-08-07,16:45,4,荆州
2026-08-07,16:46,5,长安
2026-08-07,16:47,4,荆州
2026-08-07,16:48,6,许昌
2026-08-07,16:49,4,荆州
2026-08-07,16:50,6,许昌
2026-08-07,16:51,7,汉中
2026-08-07,16:52,4,荆州
2026-08-07,16:53,6,许昌
2026-08-07,16:54,6,许昌
2026-08-07,16:55,7,汉中
2026-08-07,16:56,4,荆州
2026-08-07,16:57,4,荆州
2026-08-07,16:58,6,许昌
2026-08-07,16:59,7,汉中
2026-08-07,17:00,7,汉中
2026-08-07,17:01,7,汉中
2026-08-07,17:02,7,汉中
2026-08-07,17:03,6,许昌
2026-08-07,17:04,7,汉中
2026-08-07,17:05,7,汉中
2026-08-07,17:06,7,汉中
2026-08-07,17:07,6,许昌
2026-08-07,17:08,6,许昌
2026-08-07,17:09,6,许昌
2026-08-07,17:10,7,汉中
2026-08-07,17:11,7,汉中
2026-08-07,17:12,6,许昌
2026-08-07,17:13,3,建业
2026-08-07,17:14,5,长安
2026-08-07,17:15,4,荆州
2026-08-07,17:16,5,长安
2026-08-07,17:17,5,长安
2026-08-07,17:18,5,长安
2026-08-07,17:19,7,汉中
2026-08-07,17:20,4,荆州
2026-08-07,17:21,3,建业
2026-08-07,17:22,5,长安
2026-08-07,17:23,6,许昌
2026-08-07,17:24,1,洛阳
2026-08-07,17:25,7,汉中
2026-08-07,17:26,6,许昌
2026-08-07,17:27,5,长安
2026-08-07,17:28,5,长安
2026-08-07,17:29,4,荆州
2026-08-07,17:30,7,汉中
2026-08-07,17:31,5,长安
2026-08-07,17:32,7,汉中
2026-08-07,17:33,4,荆州
2026-08-07,17:34,6,许昌
2026-08-07,17:35,6,许昌
2026-08-07,17:36,7,汉中
2026-08-07,17:37,7,汉中
2026-08-07,17:38,5,长安
2026-08-07,17:39,6,许昌
2026-08-07,17:40,7,汉中
2026-08-07,17:41,6,许昌
2026-08-07,17:42,5,长安
2026-08-07,17:43,7,汉中
2026-08-07,17:44,6,许昌
2026-08-07,17:45,5,长安
2026-08-07,17:46,7,汉中
2026-08-07,17:47,1,洛阳
2026-08-07,17:48,7,汉中
2026-08-07,17:49,7,汉中
2026-08-07,17:50,5,长安
2026-08-07,17:51,5,长安
2026-08-07,17:52,6,许昌
2026-08-07,17:53,5,长安
2026-08-07,17:54,5,长安
2026-08-07,17:55,6,许昌
2026-08-07,17:56,4,荆州
2026-08-07,17:57,4,荆州
2026-08-07,17:58,2,成都
2026-08-07,17:59,4,荆州
2026-08-07,18:00,7,汉中
2026-08-07,18:01,6,许昌
2026-08-07,18:02,5,长安
2026-08-07,18:03,7,汉中
2026-08-07,18:04,4,荆州
2026-08-07,18:05,7,汉中
2026-08-07,18:06,6,许昌
2026-08-07,18:07,4,荆州
2026-08-07,18:08,6,许昌
2026-08-07,18:09,6,许昌
2026-08-07,18:10,5,长安
2026-08-07,18:11,4,荆州
2026-08-07,18:12,6,许昌
2026-08-07,18:13,7,汉中
2026-08-07,18:14,1,洛阳
2026-08-07,18:15,5,长安
2026-08-07,18:16,6,许昌
2026-08-07,18:17,5,长安
2026-08-07,18:18,6,许昌
2026-08-07,18:19,5,长安
2026-08-07,18:20,3,建业
2026-08-07,18:21,5,长安
2026-08-07,18:22,3,建业
2026-08-07,18:23,7,汉中
2026-08-07,18:24,5,长安
2026-08-07,18:25,6,许昌
2026-08-07,18:26,5,长安
2026-08-07,18:27,3,建业
2026-08-07,18:28,6,许昌
2026-08-07,18:29,5,长安
2026-08-07,18:30,3,建业
2026-08-07,18:31,4,荆州
2026-08-07,18:32,6,许昌
2026-08-07,18:33,6,许昌
2026-08-07,18:34,5,长安
2026-08-07,18:35,4,荆州
2026-08-07,18:36,2,成都
2026-08-07,18:37,4,荆州
2026-08-07,18:38,1,洛阳
2026-08-07,18:39,5,长安
2026-08-07,18:40,7,汉中
2026-08-07,18:41,6,许昌
2026-08-07,18:42,6,许昌
2026-08-07,18:43,6,许昌
2026-08-07,18:44,5,长安
2026-08-07,18:45,6,许昌
2026-08-07,18:46,5,长安
2026-08-07,18:47,7,汉中
2026-08-07,18:48,5,长安
2026-08-07,18:49,6,许昌
2026-08-07,18:50,6,许昌
2026-08-07,18:51,6,许昌
2026-08-07,18:52,2,成都
2026-08-07,18:53,7,汉中
2026-08-07,18:54,1,洛阳
2026-08-07,18:55,6,许昌
2026-08-07,18:56,6,许昌
2026-08-07,18:57,7,汉中
2026-08-07,18:58,5,长安
2026-08-07,18:59,6,许昌
2026-08-07,19:00,4,荆州
2026-08-07,19:01,7,汉中
2026-08-07,19:02,3,建业
2026-08-07,19:03,7,汉中
2026-08-07,19:04,4,荆州
2026-08-07,19:05,4,荆州
2026-08-07,19:06,3,建业
2026-08-07,19:07,5,长安
2026-08-07,19:08,4,荆州
2026-08-07,19:09,2,成都
2026-08-07,19:10,7,汉中
2026-08-07,19:11,3,建业
2026-08-07,19:12,4,荆州
2026-08-07,19:13,5,长安
2026-08-07,19:14,3,建业
2026-08-07,19:15,5,长安
2026-08-07,19:16,5,长安
2026-08-07,19:17,1,洛阳
2026-08-07,19:18,5,长安
2026-08-07,19:19,7,汉中
2026-08-07,19:20,6,许昌
2026-08-07,19:21,6,许昌
2026-08-07,19:22,5,长安
2026-08-07,19:23,6,许昌
2026-08-07,19:24,6,许昌
2026-08-07,19:25,4,荆州
2026-08-07,19:26,3,建业
2026-08-07,19:27,4,荆州
2026-08-07,19:28,4,荆州
2026-08-07,19:29,5,长安
2026-08-07,19:30,7,汉中
2026-08-07,19:31,5,长安
2026-08-07,19:32,7,汉中
2026-08-07,19:33,4,荆州
2026-08-07,19:34,2,成都
2026-08-07,19:35,6,许昌
2026-08-07,19:36,6,许昌
2026-08-07,19:37,1,洛阳
2026-08-07,19:38,6,许昌
2026-08-07,19:39,6,许昌
2026-08-07,19:40,7,汉中
2026-08-07,19:41,4,荆州
2026-08-07,19:42,5,长安
2026-08-07,19:43,5,长安
2026-08-07,19:44,7,汉中
2026-08-07,19:45,1,洛阳
2026-08-07,19:46,4,荆州
2026-08-07,19:47,2,成都
2026-08-07,19:48,6,许昌
2026-08-07,19:49,6,许昌
2026-08-07,19:50,7,汉中
2026-08-07,19:51,7,汉中
2026-08-07,19:52,5,长安
2026-08-07,19:53,4,荆州
2026-08-07,19:54,6,许昌
2026-08-07,19:55,5,长安
2026-08-07,19:56,7,汉中
2026-08-07,19:57,7,汉中
2026-08-07,19:58,5,长安
2026-08-07,19:59,7,汉中
2026-08-07,20:00,6,许昌
2026-08-07,20:01,5,长安
2026-08-07,20:02,7,汉中
2026-08-07,20:03,5,长安
2026-08-07,20:04,7,汉中
2026-08-07,20:05,7,汉中
2026-08-07,20:06,5,长安
2026-08-07,20:07,6,许昌
2026-08-07,20:08,5,长安
2026-08-07,20:09,5,长安
2026-08-07,20:10,5,长安
2026-08-07,20:11,7,汉中
2026-08-07,20:12,7,汉中
2026-08-07,20:13,7,汉中
2026-08-07,20:14,7,汉中
2026-08-07,20:15,7,汉中
2026-08-07,20:16,3,建业
2026-08-07,20:17,4,荆州
2026-08-07,20:18,5,长安
2026-08-07,20:19,4,荆州
2026-08-07,20:20,5,长安
2026-08-07,20:21,4,荆州
2026-08-07,20:22,5,长安
2026-08-07,20:23,7,汉中
2026-08-07,20:24,5,长安
2026-08-07,20:25,6,许昌
2026-08-07,20:26,3,建业
2026-08-07,20:27,6,许昌
2026-08-07,20:28,7,汉中
2026-08-07,20:29,7,汉中
2026-08-07,20:30,3,建业
2026-08-07,20:31,5,长安
2026-08-07,20:32,4,荆州
2026-08-07,20:33,1,洛阳
2026-08-07,20:34,7,汉中
2026-08-07,20:35,6,许昌
2026-08-07,20:36,4,荆州
2026-08-07,20:37,7,汉中
2026-08-07,20:38,6,许昌
2026-08-07,20:39,1,洛阳
2026-08-07,20:40,7,汉中
2026-08-07,20:41,7,汉中
2026-08-07,20:42,2,成都
2026-08-07,20:43,6,许昌
2026-08-07,20:44,7,汉中
2026-08-07,20:45,3,建业
2026-08-07,20:46,4,荆州
2026-08-07,20:47,5,长安
2026-08-07,20:48,6,许昌
2026-08-07,20:49,6,许昌
2026-08-07,20:50,3,建业
2026-08-07,20:51,6,许昌
2026-08-07,20:52,6,许昌
2026-08-07,20:53,6,许昌
2026-08-07,20:54,6,许昌
2026-08-07,20:55,7,汉中
2026-08-07,20:56,3,建业
2026-08-07,20:57,6,许昌
2026-08-07,20:58,2,成都
2026-08-07,20:59,7,汉中
2026-08-07,21:00,7,汉中
2026-08-07,21:01,7,汉中
2026-08-07,21:02,6,许昌
2026-08-07,21:03,5,长安
2026-08-07,21:04,5,长安
2026-08-07,21:05,7,汉中
2026-08-07,21:06,5,长安
2026-08-07,21:07,2,成都
2026-08-07,21:08,1,洛阳
2026-08-07,21:09,6,许昌
2026-08-07,21:10,5,长安
2026-08-07,21:11,5,长安
2026-08-07,21:12,2,成都
2026-08-07,21:13,6,许昌
2026-08-07,21:14,7,汉中
2026-08-07,21:15,6,许昌
2026-08-07,21:16,6,许昌
2026-08-07,21:17,5,长安
2026-08-07,21:18,4,荆州
2026-08-07,21:19,5,长安
2026-08-07,21:20,5,长安
2026-08-07,21:21,7,汉中
2026-08-07,21:22,6,许昌
2026-08-07,21:23,6,许昌
2026-08-07,21:24,5,长安
2026-08-07,21:25,4,荆州
2026-08-07,21:26,5,长安
2026-08-07,21:27,5,长安
2026-08-07,21:28,5,长安
2026-08-07,21:29,5,长安
2026-08-07,21:30,2,成都
2026-08-07,21:31,5,长安
2026-08-07,21:32,6,许昌
2026-08-07,21:33,5,长安
2026-08-07,21:34,5,长安
2026-08-07,21:35,7,汉中
2026-08-07,21:36,4,荆州
2026-08-07,21:37,1,洛阳
2026-08-07,21:38,7,汉中
2026-08-07,21:39,5,长安
2026-08-07,21:40,7,汉中
2026-08-07,21:41,6,许昌
2026-08-07,21:42,4,荆州
2026-08-07,21:43,6,许昌
2026-08-07,21:44,4,荆州
2026-08-07,21:45,7,汉中
2026-08-07,21:46,3,建业
2026-08-07,21:47,6,许昌
2026-08-07,21:48,5,长安
2026-08-07,21:49,2,成都
2026-08-07,21:50,7,汉中
2026-08-07,21:51,3,建业
2026-08-07,21:52,7,汉中
2026-08-07,21:53,1,洛阳
2026-08-07,21:54,6,许昌
2026-08-07,21:55,5,长安
2026-08-07,21:56,7,汉中
2026-08-07,21:57,7,汉中
2026-08-07,21:58,6,许昌
2026-08-07,21:59,6,许昌
2026-08-07,22:00,7,汉中
2026-08-07,22:01,5,长安
2026-08-07,22:02,6,许昌
2026-08-07,22:03,5,长安
2026-08-07,22:04,1,洛阳
2026-08-07,22:05,5,长安
2026-08-07,22:06,4,荆州
2026-08-07,22:07,5,长安
2026-08-07,22:08,7,汉中
2026-08-07,22:09,3,建业
2026-08-07,22:10,4,荆州
2026-08-07,22:11,1,洛阳
2026-08-07,22:12,7,汉中
2026-08-07,22:13,5,长安
2026-08-07,22:14,7,汉中
2026-08-07,22:15,7,汉中
2026-08-07,22:16,5,长安
2026-08-07,22:17,7,汉中
2026-08-07,22:18,5,长安
2026-08-07,22:19,2,成都
2026-08-07,22:20,6,许昌
2026-08-07,22:21,6,许昌
2026-08-07,22:22,5,长安
2026-08-07,22:23,2,成都
2026-08-07,22:24,5,长安
2026-08-07,22:25,5,长安
2026-08-07,22:26,5,长安
2026-08-07,22:27,1,洛阳
2026-08-07,22:28,5,长安
2026-08-07,22:29,6,许昌
2026-08-07,22:30,4,荆州
2026-08-07,22:31,4,荆州
2026-08-07,22:32,2,成都
2026-08-07,22:33,5,长安
2026-08-07,22:34,7,汉中
2026-08-07,22:35,6,许昌
2026-08-07,22:36,4,荆州
2026-08-07,22:37,4,荆州
2026-08-07,22:38,6,许昌
2026-08-07,22:39,4,荆州
2026-08-07,22:40,2,成都
2026-08-07,22:41,5,长安
2026-08-07,22:42,6,许昌
2026-08-07,22:43,7,汉中
2026-08-07,22:44,5,长安
2026-08-07,22:45,7,汉中
2026-08-07,22:46,6,许昌
2026-08-07,22:47,5,长安
2026-08-07,22:48,7,汉中
2026-08-07,22:49,7,汉中
2026-08-07,22:50,6,许昌
2026-08-07,22:51,5,长安
2026-08-07,22:52,5,长安
2026-08-07,22:53,6,许昌
2026-08-07,22:54,2,成都
2026-08-07,22:55,1,洛阳
2026-08-07,22:56,7,汉中
2026-08-07,22:57,6,许昌
2026-08-07,22:58,5,长安
2026-08-07,22:59,5,长安
2026-08-07,23:00,7,汉中
2026-08-07,23:01,6,许昌
2026-08-07,23:02,1,洛阳
2026-08-07,23:03,7,汉中
2026-08-07,23:04,7,汉中
2026-08-07,23:05,5,长安
2026-08-07,23:06,4,荆州
2026-08-07,23:07,5,长安
2026-08-07,23:08,7,汉中
2026-08-07,23:09,3,建业
2026-08-07,23:10,2,成都
2026-08-07,23:11,2,成都
2026-08-07,23:12,6,许昌
2026-08-07,23:13,1,洛阳
2026-08-07,23:14,5,长安
2026-08-07,23:15,7,汉中
2026-08-07,23:16,4,荆州
2026-08-07,23:17,7,汉中
2026-08-07,23:18,5,长安
2026-08-07,23:19,5,长安
2026-08-07,23:20,5,长安
2026-08-07,23:21,5,长安
2026-08-07,23:22,7,汉中
2026-08-07,23:23,6,许昌
2026-08-07,23:24,6,许昌
2026-08-07,23:25,4,荆州
2026-08-07,23:26,6,许昌
2026-08-07,23:27,5,长安
2026-08-07,23:28,5,长安
2026-08-07,23:29,4,荆州
2026-08-07,23:30,5,长安
2026-08-07,23:31,7,汉中
2026-08-07,23:32,4,荆州
2026-08-07,23:33,7,汉中
2026-08-07,23:34,7,汉中
2026-08-07,23:35,1,洛阳
2026-08-07,23:36,7,汉中
2026-08-07,23:37,6,许昌
2026-08-07,23:38,6,许昌
2026-08-07,23:39,3,建业
2026-08-07,23:40,6,许昌
2026-08-07,23:41,2,成都
2026-08-07,23:42,5,长安
2026-08-07,23:43,6,许昌
2026-08-07,23:44,6,许昌
2026-08-07,23:45,7,汉中
2026-08-07,23:46,6,许昌
2026-08-07,23:47,1,洛阳
2026-08-07,23:48,5,长安
2026-08-07,23:49,7,汉中
2026-08-07,23:50,4,荆州
2026-08-07,23:51,6,许昌
2026-08-07,23:52,3,建业
2026-08-07,23:53,7,汉中
2026-08-07,23:54,7,汉中
2026-08-07,23:55,7,汉中
2026-08-07,23:56,5,长安
2026-08-07,23:57,5,长安
2026-08-07,23:58,2,成都
2026-08-07,23:59,4,荆州
2026-08-08,00:00,6,许昌
2026-08-08,00:01,5,长安
2026-08-08,00:02,4,荆州
2026-08-08,00:03,7,汉中
2026-08-08,00:04,7,汉中
2026-08-08,00:05,6,许昌
2026-08-08,00:06,6,许昌
2026-08-08,00:07,7,汉中
2026-08-08,00:08,6,许昌
2026-08-08,00:09,7,汉中
2026-08-08,00:10,6,许昌
2026-08-08,00:11,4,荆州
2026-08-08,00:12,5,长安
2026-08-08,00:13,6,许昌
2026-08-08,00:14,7,汉中
2026-08-08,00:15,7,汉中
2026-08-08,00:16,6,许昌
2026-08-08,00:17,7,汉中
2026-08-08,00:18,5,长安
2026-08-08,00:19,7,汉中
2026-08-08,00:20,7,汉中
2026-08-08,00:21,6,许昌
2026-08-08,00:22,6,许昌
2026-08-08,00:23,6,许昌
2026-08-08,00:24,7,汉中
2026-08-08,00:25,5,长安
2026-08-08,00:26,3,建业
2026-08-08,00:27,5,长安
2026-08-08,00:28,6,许昌
2026-08-08,00:29,6,许昌
2026-08-08,00:30,6,许昌
2026-08-08,00:31,6,许昌
2026-08-08,00:32,3,建业
2026-08-08,00:33,7,汉中
2026-08-08,00:34,3,建业
2026-08-08,00:35,6,许昌
2026-08-08,00:36,7,汉中
2026-08-08,00:37,1,洛阳
2026-08-08,00:38,4,荆州
2026-08-08,00:39,6,许昌
2026-08-08,00:40,5,长安
2026-08-08,00:41,5,长安
2026-08-08,00:42,2,成都
2026-08-08,00:43,7,汉中
2026-08-08,00:44,5,长安
2026-08-08,00:45,6,许昌
2026-08-08,00:46,7,汉中
2026-08-08,00:47,5,长安
2026-08-08,00:48,6,许昌
2026-08-08,00:49,5,长安
2026-08-08,00:50,5,长安
2026-08-08,00:51,4,荆州
2026-08-08,00:52,7,汉中
2026-08-08,00:53,4,荆州
2026-08-08,00:54,7,汉中
2026-08-08,00:55,2,成都
2026-08-08,00:56,6,许昌
2026-08-08,00:57,2,成都
2026-08-08,00:58,7,汉中
2026-08-08,00:59,7,汉中
2026-08-08,01:00,7,汉中
2026-08-08,01:01,3,建业
2026-08-08,01:02,2,成都
2026-08-08,01:03,7,汉中
2026-08-08,01:04,6,许昌
2026-08-08,01:05,6,许昌
2026-08-08,01:06,7,汉中
2026-08-08,01:07,4,荆州
2026-08-08,01:08,7,汉中
2026-08-08,01:09,5,长安
2026-08-08,01:10,5,长安
2026-08-08,01:11,7,汉中
2026-08-08,01:12,5,长安
2026-08-08,01:13,7,汉中
2026-08-08,01:14,7,汉中
2026-08-08,01:15,7,汉中
2026-08-08,01:16,5,长安
2026-08-08,01:17,5,长安
2026-08-08,01:18,4,荆州
2026-08-08,01:19,3,建业
2026-08-08,01:20,6,许昌
2026-08-08,01:21,7,汉中
2026-08-08,01:22,5,长安
2026-08-08,01:23,6,许昌
2026-08-08,01:24,5,长安
2026-08-08,01:25,7,汉中
2026-08-08,01:26,1,洛阳
2026-08-08,01:27,7,汉中
2026-08-08,01:28,5,长安
2026-08-08,01:29,4,荆州
2026-08-08,01:30,4,荆州
2026-08-08,01:31,7,汉中
2026-08-08,01:32,3,建业
2026-08-08,01:33,5,长安
2026-08-08,01:34,5,长安
2026-08-08,01:35,7,汉中
2026-08-08,01:36,7,汉中
2026-08-08,01:37,7,汉中
2026-08-08,01:38,2,成都
2026-08-08,01:39,7,汉中
2026-08-08,01:40,6,许昌
2026-08-08,01:41,6,许昌
2026-08-08,01:42,6,许昌
2026-08-08,01:43,7,汉中
2026-08-08,01:44,5,长安
2026-08-08,01:45,7,汉中
2026-08-08,01:46,6,许昌
2026-08-08,01:47,7,汉中
2026-08-08,01:48,5,长安
2026-08-08,01:49,6,许昌
2026-08-08,01:50,7,汉中
2026-08-08,01:51,7,汉中
2026-08-08,01:52,5,长安
2026-08-08,01:53,6,许昌
2026-08-08,01:54,6,许昌
2026-08-08,01:55,3,建业
2026-08-08,01:56,5,长安
2026-08-08,01:57,7,汉中
2026-08-08,01:58,6,许昌
2026-08-08,01:59,3,建业
2026-08-08,02:00,6,许昌
2026-08-08,02:01,7,汉中
2026-08-08,02:02,5,长安
2026-08-08,02:03,2,成都
2026-08-08,02:04,6,许昌
2026-08-08,02:05,7,汉中
2026-08-08,02:06,6,许昌
2026-08-08,02:07,7,汉中
2026-08-08,02:08,3,建业
2026-08-08,02:09,7,汉中
2026-08-08,02:10,6,许昌
2026-08-08,02:11,5,长安
2026-08-08,02:12,6,许昌
2026-08-08,02:13,7,汉中
2026-08-08,02:14,4,荆州
2026-08-08,02:15,5,长安
2026-08-08,02:16,2,成都
2026-08-08,02:17,3,建业
2026-08-08,02:18,5,长安
2026-08-08,02:19,5,长安
2026-08-08,02:20,5,长安
2026-08-08,02:21,7,汉中
2026-08-08,02:22,5,长安
2026-08-08,02:23,2,成都
2026-08-08,02:24,5,长安
2026-08-08,02:25,5,长安
2026-08-08,02:26,7,汉中
2026-08-08,02:27,7,汉中
2026-08-08,02:28,5,长安
2026-08-08,02:29,4,荆州
2026-08-08,02:30,7,汉中
2026-08-08,02:31,7,汉中
2026-08-08,02:32,7,汉中
2026-08-08,02:33,7,汉中
2026-08-08,02:34,5,长安
2026-08-08,02:35,7,汉中
2026-08-08,02:36,6,许昌
2026-08-08,02:37,6,许昌
2026-08-08,02:38,6,许昌
2026-08-08,02:39,7,汉中
2026-08-08,02:40,7,汉中
2026-08-08,02:41,2,成都
2026-08-08,02:42,6,许昌
2026-08-08,02:43,6,许昌
2026-08-08,02:44,6,许昌
2026-08-08,02:45,5,长安
2026-08-08,02:46,5,长安
2026-08-08,02:47,6,许昌
2026-08-08,02:48,5,长安
2026-08-08,02:49,6,许昌
2026-08-08,02:50,7,汉中
2026-08-08,02:51,6,许昌
2026-08-08,02:52,5,长安
2026-08-08,02:53,7,汉中
2026-08-08,02:54,5,长安
2026-08-08,02:55,2,成都
2026-08-08,02:56,5,长安
2026-08-08,02:57,5,长安
2026-08-08,02:58,6,许昌
2026-08-08,02:59,6,许昌
2026-08-08,03:00,6,许昌
2026-08-08,03:01,7,汉中
2026-08-08,03:02,1,洛阳
2026-08-08,03:03,5,长安
2026-08-08,03:04,7,汉中
2026-08-08,03:05,5,长安
2026-08-08,03:06,6,许昌
2026-08-08,03:07,5,长安
2026-08-08,03:08,5,长安
2026-08-08,03:09,7,汉中
2026-08-08,03:10,5,长安
2026-08-08,03:11,6,许昌
2026-08-08,03:12,6,许昌
2026-08-08,03:13,6,许昌
2026-08-08,03:14,7,汉中
2026-08-08,03:15,4,荆州
2026-08-08,03:16,3,建业
2026-08-08,03:17,7,汉中
2026-08-08,03:18,7,汉中
2026-08-08,03:19,5,长安
2026-08-08,03:20,6,许昌
2026-08-08,03:21,3,建业
2026-08-08,03:22,5,长安
2026-08-08,03:23,6,许昌
2026-08-08,03:24,6,许昌
2026-08-08,03:25,2,成都
2026-08-08,03:26,4,荆州
2026-08-08,03:27,6,许昌
2026-08-08,03:28,7,汉中
2026-08-08,03:29,6,许昌
2026-08-08,03:30,6,许昌
2026-08-08,03:31,1,洛阳
2026-08-08,03:32,4,荆州
2026-08-08,03:33,4,荆州
2026-08-08,03:34,6,许昌
2026-08-08,03:35,7,汉中
2026-08-08,03:36,4,荆州
2026-08-08,03:37,6,许昌
2026-08-08,03:38,4,荆州
2026-08-08,03:39,5,长安
2026-08-08,03:40,1,洛阳
2026-08-08,03:41,5,长安
2026-08-08,03:42,5,长安
2026-08-08,03:43,4,荆州
2026-08-08,03:44,5,长安
2026-08-08,03:45,6,许昌
2026-08-08,03:46,7,汉中
2026-08-08,03:47,7,汉中
2026-08-08,03:48,5,长安
2026-08-08,03:49,2,成都
2026-08-08,03:50,5,长安
2026-08-08,03:51,4,荆州
2026-08-08,03:52,3,建业
2026-08-08,03:53,6,许昌
2026-08-08,03:54,5,长安
2026-08-08,03:55,1,洛阳
2026-08-08,03:56,6,许昌
2026-08-08,03:57,7,汉中
2026-08-08,03:58,7,汉中
2026-08-08,03:59,7,汉中
2026-08-08,04:00,6,许昌
2026-08-08,04:01,7,汉中
2026-08-08,04:02,7,汉中
2026-08-08,04:03,7,汉中
2026-08-08,04:04,7,汉中
2026-08-08,04:05,6,许昌
2026-08-08,04:06,7,汉中
2026-08-08,04:07,2,成都
2026-08-08,04:08,5,长安
2026-08-08,04:09,4,荆州
2026-08-08,04:10,5,长安
2026-08-08,04:11,7,汉中
2026-08-08,04:12,5,长安
2026-08-08,04:13,7,汉中
2026-08-08,04:14,7,汉中
2026-08-08,04:15,4,荆州
2026-08-08,04:16,5,长安
2026-08-08,04:17,5,长安
2026-08-08,04:18,5,长安
2026-08-08,04:19,5,长安
2026-08-08,04:20,5,长安
2026-08-08,04:21,7,汉中
2026-08-08,04:22,6,许昌
2026-08-08,04:23,6,许昌
2026-08-08,04:24,5,长安
2026-08-08,04:25,1,洛阳
2026-08-08,04:26,5,长安
2026-08-08,04:27,5,长安
2026-08-08,04:28,7,汉中
2026-08-08,04:29,5,长安
2026-08-08,04:30,5,长安
2026-08-08,04:31,5,长安
2026-08-08,04:32,5,长安
2026-08-08,04:33,4,荆州
2026-08-08,04:34,5,长安
2026-08-08,04:35,6,许昌
2026-08-08,04:36,6,许昌
2026-08-08,04:37,6,许昌
2026-08-08,04:38,5,长安
2026-08-08,04:39,6,许昌
2026-08-08,04:40,7,汉中
2026-08-08,04:41,5,长安
2026-08-08,04:42,4,荆州
2026-08-08,04:43,3,建业
2026-08-08,04:44,7,汉中
2026-08-08,04:45,6,许昌
2026-08-08,04:46,5,长安
2026-08-08,04:47,5,长安
2026-08-08,04:48,4,荆州
2026-08-08,04:49,4,荆州
2026-08-08,04:50,7,汉中
2026-08-08,04:51,6,许昌
2026-08-08,04:52,5,长安
2026-08-08,04:53,7,汉中
2026-08-08,04:54,7,汉中
2026-08-08,04:55,6,许昌
2026-08-08,04:56,5,长安
2026-08-08,04:57,6,许昌
2026-08-08,04:58,2,成都
2026-08-08,04:59,7,汉中
2026-08-08,05:00,6,许昌
2026-08-08,05:01,6,许昌
2026-08-08,05:02,6,许昌
2026-08-08,05:03,7,汉中
2026-08-08,05:04,5,长安
2026-08-08,05:05,6,许昌
2026-08-08,05:06,6,许昌
2026-08-08,05:07,4,荆州
2026-08-08,05:08,4,荆州
2026-08-08,05:09,6,许昌
2026-08-08,05:10,7,汉中
2026-08-08,05:11,7,汉中
2026-08-08,05:12,5,长安
2026-08-08,05:13,5,长安
2026-08-08,05:14,4,荆州
2026-08-08,05:15,4,荆州
2026-08-08,05:16,7,汉中
2026-08-08,05:17,5,长安
2026-08-08,05:18,7,汉中
2026-08-08,05:19,7,汉中
2026-08-08,05:20,6,许昌
2026-08-08,05:21,6,许昌
2026-08-08,05:22,4,荆州
2026-08-08,05:23,7,汉中
2026-08-08,05:24,6,许昌
2026-08-08,05:25,7,汉中
2026-08-08,05:26,5,长安
2026-08-08,05:27,7,汉中
2026-08-08,05:28,5,长安
2026-08-08,05:29,7,汉中
2026-08-08,05:30,5,长安
2026-08-08,05:31,5,长安
2026-08-08,05:32,5,长安
2026-08-08,05:33,7,汉中
2026-08-08,05:34,4,荆州
2026-08-08,05:35,6,许昌
2026-08-08,05:36,7,汉中
2026-08-08,05:37,2,成都
2026-08-08,05:38,1,洛阳
2026-08-08,05:39,7,汉中
2026-08-08,05:40,7,汉中
2026-08-08,05:41,3,建业
2026-08-08,05:42,5,长安
2026-08-08,05:43,6,许昌
2026-08-08,05:44,5,长安
2026-08-08,05:45,4,荆州
2026-08-08,05:46,6,许昌
2026-08-08,05:47,4,荆州
2026-08-08,05:48,5,长安
2026-08-08,05:49,7,汉中
2026-08-08,05:50,7,汉中
2026-08-08,05:51,4,荆州
2026-08-08,05:52,7,汉中
2026-08-08,05:53,5,长安
2026-08-08,05:54,5,长安
2026-08-08,05:55,5,长安
2026-08-08,05:56,6,许昌
2026-08-08,05:57,5,长安
2026-08-08,05:58,4,荆州
2026-08-08,05:59,6,许昌
2026-08-08,06:00,2,成都
2026-08-08,06:01,6,许昌
2026-08-08,06:02,7,汉中
2026-08-08,06:03,3,建业
2026-08-08,06:04,3,建业
2026-08-08,06:05,2,成都
2026-08-08,06:06,7,汉中
2026-08-08,06:07,6,许昌
2026-08-08,06:08,6,许昌
2026-08-08,06:09,3,建业
2026-08-08,06:10,4,荆州
2026-08-08,06:11,5,长安
2026-08-08,06:12,1,洛阳
2026-08-08,06:13,5,长安
2026-08-08,06:14,6,许昌
2026-08-08,06:15,3,建业
2026-08-08,06:16,7,汉中
2026-08-08,06:17,7,汉中
2026-08-08,06:18,4,荆州
2026-08-08,06:19,7,汉中
2026-08-08,06:20,6,许昌
2026-08-08,06:21,6,许昌
2026-08-08,06:22,6,许昌
2026-08-08,06:23,7,汉中
2026-08-08,06:24,3,建业
2026-08-08,06:25,7,汉中
2026-08-08,06:26,6,许昌
2026-08-08,06:27,6,许昌
2026-08-08,06:28,5,长安
2026-08-08,06:29,4,荆州
2026-08-08,06:30,6,许昌
2026-08-08,06:31,4,荆州
2026-08-08,06:32,2,成都
2026-08-08,06:33,5,长安
2026-08-08,06:34,2,成都
2026-08-08,06:35,5,长安
2026-08-08,06:36,7,汉中
2026-08-08,06:37,7,汉中
2026-08-08,06:38,7,汉中
2026-08-08,06:39,6,许昌
2026-08-08,06:40,3,建业
2026-08-08,06:41,4,荆州
2026-08-08,06:42,5,长安
2026-08-08,06:43,6,许昌
2026-08-08,06:44,6,许昌
2026-08-08,06:45,5,长安
2026-08-08,06:46,4,荆州
2026-08-08,06:47,6,许昌
2026-08-08,06:48,5,长安
2026-08-08,06:49,4,荆州
2026-08-08,06:50,5,长安
2026-08-08,06:51,6,许昌
2026-08-08,06:52,2,成都
2026-08-08,06:53,7,汉中
2026-08-08,06:54,5,长安
2026-08-08,06:55,5,长安
2026-08-08,06:56,4,荆州
2026-08-08,06:57,7,汉中
2026-08-08,06:58,1,洛阳
2026-08-08,06:59,4,荆州
2026-08-08,07:00,3,建业
2026-08-08,07:01,6,许昌
2026-08-08,07:02,7,汉中
2026-08-08,07:03,5,长安
2026-08-08,07:04,5,长安
2026-08-08,07:05,1,洛阳
2026-08-08,07:06,6,许昌
2026-08-08,07:07,7,汉中
2026-08-08,07:08,6,许昌
2026-08-08,07:09,3,建业
2026-08-08,07:10,6,许昌
2026-08-08,07:11,5,长安
2026-08-08,07:12,3,建业
2026-08-08,07:13,5,长安
2026-08-08,07:14,2,成都
2026-08-08,07:15,7,汉中
2026-08-08,07:16,5,长安
2026-08-08,07:17,7,汉中
2026-08-08,07:18,6,许昌
2026-08-08,07:19,5,长安
2026-08-08,07:20,4,荆州
2026-08-08,07:21,6,许昌
2026-08-08,07:22,6,许昌
2026-08-08,07:23,5,长安
2026-08-08,07:24,7,汉中
2026-08-08,07:25,7,汉中
2026-08-08,07:26,1,洛阳
2026-08-08,07:27,5,长安
2026-08-08,07:28,5,长安
2026-08-08,07:29,4,荆州
2026-08-08,07:30,5,长安
2026-08-08,07:31,7,汉中
2026-08-08,07:32,7,汉中
2026-08-08,07:33,7,汉中
2026-08-08,07:34,4,荆州
2026-08-08,07:35,2,成都
2026-08-08,07:36,5,长安
2026-08-08,07:37,5,长安
2026-08-08,07:38,2,成都
2026-08-08,07:39,6,许昌
2026-08-08,07:40,7,汉中
2026-08-08,07:41,6,许昌
2026-08-08,07:42,5,长安
2026-08-08,07:43,7,汉中
2026-08-08,07:44,5,长安
2026-08-08,07:45,7,汉中
2026-08-08,07:46,6,许昌
2026-08-08,07:47,6,许昌
2026-08-08,07:48,2,成都
2026-08-08,07:49,5,长安
2026-08-08,07:50,6,许昌
2026-08-08,07:51,7,汉中
2026-08-08,07:52,3,建业
2026-08-08,07:53,7,汉中
2026-08-08,07:54,4,荆州
2026-08-08,07:55,7,汉中
2026-08-08,07:56,6,许昌
2026-08-08,07:57,4,荆州
2026-08-08,07:58,7,汉中
2026-08-08,07:59,6,许昌
2026-08-08,08:00,6,许昌
2026-08-08,08:01,4,荆州
2026-08-08,08:02,5,长安
2026-08-08,08:03,4,荆州
2026-08-08,08:04,4,荆州
2026-08-08,08:05,7,汉中
2026-08-08,08:06,7,汉中
2026-08-08,08:07,6,许昌
2026-08-08,08:08,6,许昌
2026-08-08,08:09,6,许昌
2026-08-08,08:10,7,汉中
2026-08-08,08:11,5,长安
2026-08-08,08:12,3,建业
2026-08-08,08:13,7,汉中
2026-08-08,08:14,6,许昌
2026-08-08,08:15,2,成都
2026-08-08,08:16,6,许昌
2026-08-08,08:17,7,汉中
2026-08-08,08:18,5,长安
2026-08-08,08:19,5,长安
2026-08-08,08:20,6,许昌
2026-08-08,08:21,5,长安
2026-08-08,08:22,1,洛阳
2026-08-08,08:23,3,建业
2026-08-08,08:24,5,长安
2026-08-08,08:25,5,长安
2026-08-08,08:26,3,建业
2026-08-08,08:27,5,长安
2026-08-08,08:28,2,成都
2026-08-08,08:29,5,长安
2026-08-08,08:30,4,荆州
2026-08-08,08:31,6,许昌
2026-08-08,08:32,7,汉中
2026-08-08,08:33,6,许昌
2026-08-08,08:34,7,汉中
2026-08-08,08:35,6,许昌
2026-08-08,08:36,7,汉中
2026-08-08,08:37,6,许昌
2026-08-08,08:38,7,汉中
2026-08-08,08:39,3,建业
2026-08-08,08:40,7,汉中
2026-08-08,08:41,7,汉中
2026-08-08,08:42,6,许昌
2026-08-08,08:43,6,许昌
2026-08-08,08:44,7,汉中
2026-08-08,08:45,5,长安
2026-08-08,08:46,6,许昌
2026-08-08,08:47,7,汉中
2026-08-08,08:48,5,长安
2026-08-08,08:49,5,长安
2026-08-08,08:50,5,长安
2026-08-08,08:51,4,荆州
2026-08-08,08:52,5,长安
2026-08-08,08:53,4,荆州
2026-08-08,08:54,5,长安
2026-08-08,08:55,6,许昌
2026-08-08,08:56,6,许昌
2026-08-08,08:57,5,长安
2026-08-08,08:58,7,汉中
2026-08-08,08:59,6,许昌
2026-08-08,09:00,6,许昌
2026-08-08,09:01,2,成都
2026-08-08,09:02,5,长安
2026-08-08,09:03,6,许昌
2026-08-08,09:04,6,许昌
2026-08-08,09:05,7,汉中
2026-08-08,09:06,6,许昌
2026-08-08,09:07,5,长安
2026-08-08,09:08,5,长安
2026-08-08,09:09,7,汉中
2026-08-08,09:10,5,长安
2026-08-08,09:11,5,长安
2026-08-08,09:12,6,许昌
2026-08-08,09:13,1,洛阳
2026-08-08,09:14,6,许昌
2026-08-08,09:15,6,许昌
2026-08-08,09:16,5,长安
2026-08-08,09:17,4,荆州
2026-08-08,09:18,5,长安
2026-08-08,09:19,7,汉中
2026-08-08,09:20,5,长安
2026-08-08,09:21,6,许昌
2026-08-08,09:22,5,长安
2026-08-08,09:23,7,汉中
2026-08-08,09:24,7,汉中
2026-08-08,09:25,5,长安
2026-08-08,09:26,6,许昌
2026-08-08,09:27,6,许昌
2026-08-08,09:28,7,汉中
2026-08-08,09:29,7,汉中
2026-08-08,09:30,6,许昌
2026-08-08,09:31,6,许昌
2026-08-08,09:32,5,长安
2026-08-08,09:33,7,汉中
2026-08-08,09:34,5,长安
2026-08-08,09:35,5,长安
2026-08-08,09:36,7,汉中
2026-08-08,09:37,5,长安
2026-08-08,09:38,1,洛阳
2026-08-08,09:39,5,长安
2026-08-08,09:40,5,长安
2026-08-08,09:41,7,汉中
2026-08-08,09:42,5,长安
2026-08-08,09:43,7,汉中
2026-08-08,09:44,6,许昌
2026-08-08,09:45,6,许昌
2026-08-08,09:46,3,建业
2026-08-08,09:47,5,长安
2026-08-08,09:48,1,洛阳
2026-08-08,09:49,7,汉中
2026-08-08,09:50,7,汉中
2026-08-08,09:51,5,长安
2026-08-08,09:52,4,荆州
2026-08-08,09:53,7,汉中
2026-08-08,09:54,7,汉中
2026-08-08,09:55,7,汉中
2026-08-08,09:56,7,汉中
2026-08-08,09:57,2,成都
2026-08-08,09:58,7,汉中
2026-08-08,09:59,5,长安
2026-08-08,10:00,4,荆州
2026-08-08,10:01,5,长安
2026-08-08,10:02,7,汉中
2026-08-08,10:03,4,荆州
2026-08-08,10:04,1,洛阳
2026-08-08,10:05,7,汉中
2026-08-08,10:06,4,荆州
2026-08-08,10:07,6,许昌
2026-08-08,10:08,5,长安
2026-08-08,10:09,2,成都
2026-08-08,10:10,5,长安
2026-08-08,10:11,6,许昌
2026-08-08,10:12,6,许昌
2026-08-08,10:13,5,长安
2026-08-08,10:14,7,汉中
2026-08-08,10:15,5,长安
2026-08-08,10:16,5,长安
2026-08-08,10:17,4,荆州
2026-08-08,10:18,5,长安
2026-08-08,10:19,4,荆州
2026-08-08,10:20,6,许昌
2026-08-08,10:21,6,许昌
2026-08-08,10:22,7,汉中
2026-08-08,10:23,6,许昌
2026-08-08,10:24,7,汉中
2026-08-08,10:25,6,许昌
2026-08-08,10:26,4,荆州
2026-08-08,10:27,6,许昌
2026-08-08,10:28,5,长安
2026-08-08,10:29,6,许昌
2026-08-08,10:30,6,许昌
2026-08-08,10:31,7,汉中
2026-08-08,10:32,2,成都
2026-08-08,10:33,5,长安
2026-08-08,10:34,5,长安
2026-08-08,10:35,4,荆州
2026-08-08,10:36,7,汉中
2026-08-08,10:37,5,长安
2026-08-08,10:38,5,长安
2026-08-08,10:39,5,长安
2026-08-08,10:40,5,长安
2026-08-08,10:41,7,汉中
2026-08-08,10:42,6,许昌
2026-08-08,10:43,5,长安
2026-08-08,10:44,6,许昌
2026-08-08,10:45,1,洛阳
2026-08-08,10:46,6,许昌
2026-08-08,10:47,4,荆州
2026-08-08,10:48,6,许昌
2026-08-08,10:49,5,长安
2026-08-08,10:50,6,许昌
2026-08-08,10:51,7,汉中
2026-08-08,10:52,5,长安
2026-08-08,10:53,1,洛阳
2026-08-08,10:54,5,长安
2026-08-08,10:55,5,长安
2026-08-08,10:56,5,长安
2026-08-08,10:57,5,长安
2026-08-08,10:58,4,荆州
2026-08-08,10:59,6,许昌
2026-08-08,11:00,6,许昌
2026-08-08,11:01,4,荆州
2026-08-08,11:02,3,建业
2026-08-08,11:03,7,汉中
2026-08-08,11:04,6,许昌
2026-08-08,11:05,7,汉中
2026-08-08,11:06,3,建业
2026-08-08,11:07,7,汉中
2026-08-08,11:08,7,汉中
2026-08-08,11:09,5,长安
2026-08-08,11:10,6,许昌
2026-08-08,11:11,5,长安
2026-08-08,11:12,5,长安
2026-08-08,11:13,5,长安
2026-08-08,11:14,5,长安
2026-08-08,11:15,5,长安
2026-08-08,11:16,6,许昌
2026-08-08,11:17,6,许昌
2026-08-08,11:18,2,成都
2026-08-08,11:19,7,汉中
2026-08-08,11:20,1,洛阳
2026-08-08,11:21,7,汉中
2026-08-08,11:22,7,汉中
2026-08-08,11:23,5,长安
2026-08-08,11:24,6,许昌
2026-08-08,11:25,6,许昌
2026-08-08,11:26,7,汉中
2026-08-08,11:27,6,许昌
2026-08-08,11:28,7,汉中
2026-08-08,11:29,7,汉中
2026-08-08,11:30,6,许昌
2026-08-08,11:31,4,荆州
2026-08-08,11:32,7,汉中
2026-08-08,11:33,3,建业
2026-08-08,11:34,7,汉中
2026-08-08,11:35,6,许昌
2026-08-08,11:36,5,长安
2026-08-08,11:37,5,长安
2026-08-08,11:38,4,荆州
2026-08-08,11:39,6,许昌
2026-08-08,11:40,4,荆州
2026-08-08,11:41,2,成都
2026-08-08,11:42,2,成都
2026-08-08,11:43,7,汉中
2026-08-08,11:44,5,长安
2026-08-08,11:45,5,长安
2026-08-08,11:46,6,许昌
2026-08-08,11:47,5,长安
2026-08-08,11:48,7,汉中
2026-08-08,11:49,1,洛阳
2026-08-08,11:50,7,汉中
2026-08-08,11:51,7,汉中
2026-08-08,11:52,3,建业
2026-08-08,11:53,7,汉中
2026-08-08,11:54,5,长安
2026-08-08,11:55,6,许昌
2026-08-08,11:56,5,长安
2026-08-08,11:57,5,长安
2026-08-08,11:58,1,洛阳
2026-08-08,11:59,5,长安
2026-08-08,12:00,7,汉中
2026-08-08,12:01,7,汉中
2026-08-08,12:02,5,长安
2026-08-08,12:03,5,长安
2026-08-08,12:04,5,长安
2026-08-08,12:05,7,汉中
2026-08-08,12:06,3,建业
2026-08-08,12:07,6,许昌
2026-08-08,12:08,4,荆州
2026-08-08,12:09,7,汉中
2026-08-08,12:10,5,长安
2026-08-08,12:11,4,荆州
2026-08-08,12:12,5,长安
2026-08-08,12:13,5,长安
2026-08-08,12:14,3,建业
2026-08-08,12:15,3,建业
2026-08-08,12:16,7,汉中
2026-08-08,12:17,7,汉中
